year,wind_persist,ice_persist,sector,phase_doy,amplitude,phase_anom,amplitude_anom
1979,2.1666666666666665,13.74074074074074,Amundsen_Bellingshausen,244,2.7167579737984227,-2.108695652173907,-0.07157947551133281
1980,1.5,2.7777777777777777,Amundsen_Bellingshausen,245,3.701141026522424,-1.1086956521739069,0.9128035772126686
1981,2.076923076923077,5.5,Amundsen_Bellingshausen,244,3.2121837107793327,-2.108695652173907,0.42384626146957727
1982,1.6,NA,Amundsen_Bellingshausen,244,2.7414303829616573,-2.108695652173907,-0.04690706634809816
1983,1.4444444444444444,7.5,Amundsen_Bellingshausen,244,2.5622586676481034,-2.108695652173907,-0.22607878166165207
1984,2.6470588235294117,11.095238095238095,Amundsen_Bellingshausen,245,2.9764447443925013,-1.1086956521739069,0.18810729508274582
1985,1.4,25.387096774193548,Amundsen_Bellingshausen,244,2.7760788229137305,-2.108695652173907,-0.01225862639602493
1986,1.1818181818181819,1.5,Amundsen_Bellingshausen,244,3.0369980214660313,-2.108695652173907,0.2486605721562758
1987,2.2222222222222223,28,Amundsen_Bellingshausen,225,3.6830148442225568,-21.108695652173907,0.8946773949128013
1988,2.3636363636363638,1,Amundsen_Bellingshausen,249,3.3762142937756354,2.891304347826093,0.58787684446588
1989,3.5,8,Amundsen_Bellingshausen,244,2.504264719624304,-2.108695652173907,-0.2840727296854513
1990,3.6206896551724137,5.470588235294118,Amundsen_Bellingshausen,244,2.59244771223822,-2.108695652173907,-0.19588973707153556
1991,3.4444444444444446,3,Amundsen_Bellingshausen,244,3.0509315143241764,-2.108695652173907,0.26259406501442095
1992,2,18.488372093023255,Amundsen_Bellingshausen,245,3.239450418098258,-1.1086956521739069,0.4511129687885025
1993,2.5555555555555554,6,Amundsen_Bellingshausen,244,2.837067181265624,-2.108695652173907,0.048729731955868605
1994,1.9473684210526316,5.3,Amundsen_Bellingshausen,244,2.8562141815159134,-2.108695652173907,0.06787673220615797
1995,3.5,23.82051282051282,Amundsen_Bellingshausen,244,2.863858150843481,-2.108695652173907,0.07552070153372537
1996,2.8947368421052633,NA,Amundsen_Bellingshausen,245,2.942350831359972,-1.1086956521739069,0.15401338205021675
1997,2.8181818181818183,7.8,Amundsen_Bellingshausen,244,3.1965928647643977,-2.108695652173907,0.4082554154546423
1998,2.3636363636363638,33,Amundsen_Bellingshausen,244,3.11581061477744,-2.108695652173907,0.32747316546768435
1999,2.3043478260869565,36.970588235294116,Amundsen_Bellingshausen,244,3.098896525030999,-2.108695652173907,0.3105590757212435
2000,1.5,10.44,Amundsen_Bellingshausen,245,2.9606672208080784,-1.1086956521739069,0.17232977149832296
2001,2.7,7.909090909090909,Amundsen_Bellingshausen,244,2.999643429246345,-2.108695652173907,0.2113059799365895
2002,2.8333333333333335,NA,Amundsen_Bellingshausen,244,2.6703392716370873,-2.108695652173907,-0.11799817767266818
2003,1.8333333333333333,24.736842105263158,Amundsen_Bellingshausen,244,2.102878633919058,-2.108695652173907,-0.6854588153906973
2004,2.6,6,Amundsen_Bellingshausen,245,2.2582090685360687,-1.1086956521739069,-0.5301283807736867
2005,2.6153846153846154,7.181818181818182,Amundsen_Bellingshausen,244,2.9608793596927407,-2.108695652173907,0.17254191038298528
2006,3.25,64,Amundsen_Bellingshausen,244,3.332194136565369,-2.108695652173907,0.5438566872556136
2007,3.230769230769231,9,Amundsen_Bellingshausen,244,2.897770266576097,-2.108695652173907,0.10943281726634169
2008,3.2142857142857144,NA,Amundsen_Bellingshausen,245,2.374682552303127,-1.1086956521739069,-0.4136548970066283
2009,2.5714285714285716,9.466666666666667,Amundsen_Bellingshausen,244,2.7335151061313665,-2.108695652173907,-0.054822343178388966
2010,2.391304347826087,2,Amundsen_Bellingshausen,244,2.523187425110624,-2.108695652173907,-0.26515002419913136
2011,3.6363636363636362,54.035714285714285,Amundsen_Bellingshausen,244,3.0522908875742667,-2.108695652173907,0.26395343826451123
2012,2.619047619047619,NA,Amundsen_Bellingshausen,245,2.3097267026457287,-1.1086956521739069,-0.4786107466640268
2013,2.8823529411764706,53.03636363636364,Amundsen_Bellingshausen,244,2.6079659438228635,-2.108695652173907,-0.18037150548689196
2014,2.142857142857143,16.93548387096774,Amundsen_Bellingshausen,244,2.4978034550876025,-2.108695652173907,-0.290533994222153
2015,4.209302325581396,7.222222222222222,Amundsen_Bellingshausen,244,2.298477735139625,-2.108695652173907,-0.48985971417013063
2016,3,2,Amundsen_Bellingshausen,245,2.998892040696894,-1.1086956521739069,0.2105545913871385
2017,3,18.15,Amundsen_Bellingshausen,244,2.527246257531133,-2.108695652173907,-0.2610911917786223
2018,3.2,7.533333333333333,Amundsen_Bellingshausen,244,2.636642608451312,-2.108695652173907,-0.15169484085844331
2019,3.4166666666666665,2,Amundsen_Bellingshausen,244,3.0061115124352584,-2.108695652173907,0.21777406312550296
2020,3.7,7.888888888888889,Amundsen_Bellingshausen,245,3.052037208461059,-1.1086956521739069,0.2636997591513035
2021,3.0833333333333335,NA,Amundsen_Bellingshausen,244,2.7481540697481686,-2.108695652173907,-0.04018337956158691
2022,1.9473684210526316,NA,Amundsen_Bellingshausen,244,2.4033894636680406,-2.108695652173907,-0.38494798564171484
2023,2.1578947368421053,18.05263157894737,Amundsen_Bellingshausen,244,2.709710938315591,-2.108695652173907,-0.07862651099416462
2024,2.25,NA,Amundsen_Bellingshausen,NA,NA,NA,NA
1979,2.272727272727273,3.125,East_Antarctica,274,2.1313904940822743,-2.347826086956502,-0.4664589482523209
1980,1.6666666666666667,7.133333333333334,East_Antarctica,275,2.717843952619718,-1.347826086956502,0.11999451028512276
1981,1.588235294117647,11.093023255813954,East_Antarctica,275,2.7055642491843335,-1.347826086956502,0.10771480684973822
1982,1.2857142857142858,5.75,East_Antarctica,274,3.1796350643485485,-2.347826086956502,0.5817856220139532
1983,1.8571428571428572,2.111111111111111,East_Antarctica,275,3.075887031820298,-1.347826086956502,0.47803758948570296
1984,2.4,7.7368421052631575,East_Antarctica,276,2.764768909526328,-0.34782608695650197,0.1669194671917329
1985,1.2857142857142858,3,East_Antarctica,274,2.719593757909521,-2.347826086956502,0.12174431557492582
1986,1.2222222222222223,14.238095238095237,East_Antarctica,275,2.588221471253332,-1.347826086956502,-0.009627971081263453
1987,1.8571428571428572,13.736842105263158,East_Antarctica,253,2.425370783406938,-23.347826086956502,-0.17247865892765724
1988,1.8695652173913044,4.125,East_Antarctica,279,2.6190891068270354,2.652173913043498,0.02123966449244019
1989,2.272727272727273,63.11940298507463,East_Antarctica,275,2.119658733476902,-1.347826086956502,-0.4781907088576931
1990,1.75,3,East_Antarctica,275,2.7931502141860665,-1.347826086956502,0.1953007718514712
1991,3,25.65,East_Antarctica,275,2.4840713978197044,-1.347826086956502,-0.11377804451489082
1992,2.142857142857143,11.324324324324325,East_Antarctica,276,2.3948290835867407,-0.34782608695650197,-0.2030203587478545
1993,2.5,3.1666666666666665,East_Antarctica,275,2.9557374774088085,-1.347826086956502,0.3578880350742133
1994,2.176470588235294,10.3,East_Antarctica,275,2.5992347953236714,-1.347826086956502,0.0013853529890761607
1995,2.3076923076923075,8.25925925925926,East_Antarctica,275,2.329085151975573,-1.347826086956502,-0.26876429035902216
1996,2.2222222222222223,NA,East_Antarctica,276,2.6191902283347095,-0.34782608695650197,0.021340786000114242
1997,2,7.421052631578948,East_Antarctica,275,2.565796946872277,-1.347826086956502,-0.03205249546231803
1998,1.4705882352941178,4.833333333333333,East_Antarctica,275,2.767208454600448,-1.347826086956502,0.16935901226585282
1999,2.1818181818181817,7.7272727272727275,East_Antarctica,275,2.7637329265876067,-1.347826086956502,0.16588348425301147
2000,2.4074074074074074,15.350877192982455,East_Antarctica,276,2.700774512654021,-0.34782608695650197,0.10292507031942577
2001,1.8421052631578947,9.758620689655173,East_Antarctica,275,2.446703914089843,-1.347826086956502,-0.15114552824475247
2002,1.8333333333333333,16.4375,East_Antarctica,275,2.6844191853315196,-1.347826086956502,0.08656974299692433
2003,1.9375,7,East_Antarctica,275,2.68923527101646,-1.347826086956502,0.09138582868186473
2004,2.0526315789473686,2.6,East_Antarctica,276,2.540292966918885,-0.34782608695650197,-0.057556475415710295
2005,1.9565217391304348,6.36,East_Antarctica,275,2.725512369330688,-1.347826086956502,0.12766292699609272
2006,2.8285714285714287,27.894736842105264,East_Antarctica,275,2.804646194436233,-1.347826086956502,0.20679675210163762
2007,2.9,10.875,East_Antarctica,275,2.542248611676987,-1.347826086956502,-0.055600830657608125
2008,1.7272727272727273,9,East_Antarctica,276,2.334915777398051,-0.34782608695650197,-0.26293366493654435
2009,2.2,6.166666666666667,East_Antarctica,275,2.4606575634412553,-1.347826086956502,-0.13719187889333995
2010,1.8888888888888888,2.4,East_Antarctica,275,2.2233109600718928,-1.347826086956502,-0.3745384822627025
2011,1.6666666666666667,33.27272727272727,East_Antarctica,275,2.8442032661400383,-1.347826086956502,0.24635382380544302
2012,2,5.8,East_Antarctica,276,2.9090794569040375,-0.34782608695650197,0.3112300145694422
2013,1.7407407407407407,4.142857142857143,East_Antarctica,275,2.5147981928160568,-1.347826086956502,-0.08305124951853848
2014,2.125,NA,East_Antarctica,275,2.54976085409363,-1.347826086956502,-0.04808858824096518
2015,1.8,16.785714285714285,East_Antarctica,275,2.4602786594274426,-1.347826086956502,-0.13757078290715263
2016,1.5555555555555556,5,East_Antarctica,276,2.6203380289078217,-0.34782608695650197,0.0224885865732265
2017,2.2666666666666666,6.62962962962963,East_Antarctica,275,2.618751815682103,-1.347826086956502,0.020902373347507552
2018,1.7826086956521738,NA,East_Antarctica,275,2.5436687355615613,-1.347826086956502,-0.05418070677303399
2019,2.6,6.266666666666667,East_Antarctica,275,2.776153316384142,-1.347826086956502,0.17830387404954662
2020,2.4285714285714284,1.8,East_Antarctica,276,2.421202679819936,-0.34782608695650197,-0.17664676251465927
2021,2.0714285714285716,10.2,East_Antarctica,275,2.617810637992521,-1.347826086956502,0.019961195657925757
2022,1.5714285714285714,1,East_Antarctica,275,2.3876522044304416,-1.347826086956502,-0.21019723790415368
2023,2.263157894736842,9.941176470588236,East_Antarctica,275,2.530642257275652,-1.347826086956502,-0.06720718505894308
2024,2.375,NA,East_Antarctica,NA,NA,NA,NA
1979,1.6666666666666667,25.235294117647058,King_Haakon,270,4.1531445884694556,-2.47826086956519,0.14814528322736464
1980,3.4615384615384617,25.697674418604652,King_Haakon,271,3.6290922702499664,-1.4782608695651902,-0.3759070349921245
1981,2.1666666666666665,5.285714285714286,King_Haakon,271,3.9148111063330995,-1.4782608695651902,-0.09018819890899143
1982,1.8333333333333333,10.478260869565217,King_Haakon,270,3.5359092872760964,-2.47826086956519,-0.4690900179659945
1983,2,2.111111111111111,King_Haakon,271,3.871097019850775,-1.4782608695651902,-0.13390228539131588
1984,1.2857142857142858,NA,King_Haakon,272,4.242397706901785,-0.4782608695651902,0.23739840165969373
1985,1,6.733333333333333,King_Haakon,270,4.062199286616172,-2.47826086956519,0.05719998137408133
1986,1,10.826086956521738,King_Haakon,271,3.122151280946611,-1.4782608695651902,-0.8828480242954799
1987,1.6,1,King_Haakon,250,3.166081583980203,-22.47826086956519,-0.8389177212618879
1988,2.5555555555555554,14.066666666666666,King_Haakon,276,3.7436212816981858,3.52173913043481,-0.26137802354390516
1989,2.8,8.833333333333334,King_Haakon,271,4.197923718756118,-1.4782608695651902,0.19292441351402712
1990,2.7777777777777777,NA,King_Haakon,271,4.26222012619423,-1.4782608695651902,0.2572208209521394
1991,3.9411764705882355,6.538461538461538,King_Haakon,271,4.080378356183378,-1.4782608695651902,0.0753790509412875
1992,4.103448275862069,20.5,King_Haakon,272,4.032784007502758,-0.4782608695651902,0.027784702260666982
1993,2.272727272727273,NA,King_Haakon,271,3.7794500472300636,-1.4782608695651902,-0.2255492580120273
1994,3.8666666666666667,1,King_Haakon,271,4.001733656303469,-1.4782608695651902,-0.0032656489386218013
1995,2.6296296296296298,24,King_Haakon,271,3.7009420355468805,-1.4782608695651902,-0.3040572696952104
1996,3.111111111111111,1,King_Haakon,272,4.263947279243472,-0.4782608695651902,0.2589479740013809
1997,2.066666666666667,5.769230769230769,King_Haakon,271,4.256449361999609,-1.4782608695651902,0.25145005675751797
1998,4.151515151515151,20.185185185185187,King_Haakon,271,4.049397778216683,-1.4782608695651902,0.044398472974592096
1999,4.032258064516129,2.3333333333333335,King_Haakon,271,4.061309955269397,-1.4782608695651902,0.05631065002730651
2000,3.56,1,King_Haakon,272,4.33358908678215,-0.4782608695651902,0.32858978154005936
2001,2,8,King_Haakon,271,3.605262859832407,-1.4782608695651902,-0.3997364454096841
2002,5.82051282051282,21.08695652173913,King_Haakon,271,3.712562533999902,-1.4782608695651902,-0.2924367712421887
2003,1.9090909090909092,15.24,King_Haakon,271,3.537585977112794,-1.4782608695651902,-0.4674133281292967
2004,2.2,9.941176470588236,King_Haakon,272,3.474160271479619,-0.4782608695651902,-0.5308390337624718
2005,2.125,10.928571428571429,King_Haakon,271,4.1874508449748165,-1.4782608695651902,0.18245153973272554
2006,3.2142857142857144,10.076923076923077,King_Haakon,271,4.2209299565435705,-1.4782608695651902,0.2159306513014796
2007,3.2222222222222223,44.42028985507246,King_Haakon,271,4.599074935989859,-1.4782608695651902,0.5940756307477679
2008,2.6153846153846154,16,King_Haakon,272,3.8140076390835675,-0.4782608695651902,-0.19099166615852337
2009,5.071428571428571,49,King_Haakon,271,4.351804496554276,-1.4782608695651902,0.34680519131218546
2010,2.4482758620689653,7.222222222222222,King_Haakon,271,4.270347011658827,-1.4782608695651902,0.265347706416736
2011,2.1818181818181817,17,King_Haakon,271,4.324097070273389,-1.4782608695651902,0.31909776503129805
2012,1.9565217391304348,26,King_Haakon,272,4.3089538157968725,-0.4782608695651902,0.3039545105547816
2013,3.6451612903225805,NA,King_Haakon,271,4.12941949765505,-1.4782608695651902,0.1244201924129591
2014,3.1666666666666665,13.6,King_Haakon,271,4.658722818649471,-1.4782608695651902,0.65372351340738
2015,2.8823529411764706,25.941176470588236,King_Haakon,271,3.9378504282904925,-1.4782608695651902,-0.06714887695159844
2016,3.7142857142857144,NA,King_Haakon,272,4.467079121672646,-0.4782608695651902,0.4620798164305553
2017,2,5,King_Haakon,271,4.414348326055916,-1.4782608695651902,0.40934902081382507
2018,3.8461538461538463,25.58823529411765,King_Haakon,271,4.366248887869362,-1.4782608695651902,0.3612495826272708
2019,4.548387096774194,NA,King_Haakon,271,3.9527602787248988,-1.4782608695651902,-0.052239026517192144
2020,3.0869565217391304,5.833333333333333,King_Haakon,272,4.160752520721579,-0.4782608695651902,0.15575321547948828
2021,5.933333333333334,8.529411764705882,King_Haakon,271,4.476839531728834,-1.4782608695651902,0.4718402264867434
2022,2.5384615384615383,30.813953488372093,King_Haakon,271,5.070983959272094,-1.4782608695651902,1.0659846540300029
2023,3.8181818181818183,25.192307692307693,King_Haakon,271,3.866574818497443,-1.4782608695651902,-0.1384244867446478
2024,3.4615384615384617,NA,King_Haakon,NA,NA,NA,NA
1979,1.4615384615384615,1,Ross,276,5.582911301977795,-2.347826086956502,0.2110987690341073
1980,1.5,6,Ross,277,5.494922536666751,-1.347826086956502,0.12311000372306324
1981,2.625,6.6,Ross,277,5.409484544063071,-1.347826086956502,0.03767201111938334
1982,2.125,1,Ross,276,5.071879517043798,-2.347826086956502,-0.29993301589988963
1983,1,7.222222222222222,Ross,277,5.235359084920076,-1.347826086956502,-0.13645344802361148
1984,1.875,9.181818181818182,Ross,278,5.155216997087408,-0.34782608695650197,-0.21659553585627922
1985,1.6,2.142857142857143,Ross,276,5.508786572306242,-2.347826086956502,0.13697403936255448
1986,2.7142857142857144,1.5,Ross,277,4.713456687782906,-1.347826086956502,-0.6583558451607816
1987,2.6666666666666665,59,Ross,255,5.229601973889568,-23.347826086956502,-0.14221055905411983
1988,1.8888888888888888,2.5,Ross,281,5.705593232929482,2.652173913043498,0.3337806999857946
1989,1.7058823529411764,8,Ross,277,5.8831006323491195,-1.347826086956502,0.5112880994054319
1990,2.3333333333333335,NA,Ross,277,4.841785082992536,-1.347826086956502,-0.5300274499511515
1991,2.391304347826087,50.638888888888886,Ross,277,5.444697300501774,-1.347826086956502,0.0728847675580866
1992,2.696969696969697,74.02631578947368,Ross,278,6.16367232213954,-0.34782608695650197,0.7918597891958523
1993,1.8,21.896551724137932,Ross,277,5.382776224591074,-1.347826086956502,0.010963691647386753
1994,1.7777777777777777,2,Ross,277,5.397034561439764,-1.347826086956502,0.02522202849607602
1995,4.615384615384615,11,Ross,277,5.435534323818299,-1.347826086956502,0.06372179087461127
1996,1.4,19.866666666666667,Ross,278,4.8200042204258,-0.34782608695650197,-0.5518083125178874
1997,2.5294117647058822,NA,Ross,277,5.091160017794602,-1.347826086956502,-0.28065251514908596
1998,1.75,6,Ross,277,5.408098715898098,-1.347826086956502,0.03628618295441033
1999,2.28,7.8,Ross,277,5.22393427226533,-1.347826086956502,-0.14787826067835752
2000,2.5555555555555554,7,Ross,278,5.41950803290288,-0.34782608695650197,0.04769549995919231
2001,3.2,5.5,Ross,277,5.293350228371901,-1.347826086956502,-0.07846230457178649
2002,1.7272727272727273,12.851851851851851,Ross,277,5.375222057944168,-1.347826086956502,0.0034095250004799738
2003,1.5,3.2222222222222223,Ross,277,5.966938016461607,-1.347826086956502,0.5951254835179194
2004,2.0526315789473686,8.894736842105264,Ross,278,6.03828904204529,-0.34782608695650197,0.666476509101602
2005,2.4285714285714284,70.33333333333333,Ross,277,5.9624367583380575,-1.347826086956502,0.5906242253943699
2006,1.6363636363636365,63.26086956521739,Ross,277,5.700664131444546,-1.347826086956502,0.328851598500858
2007,2.3333333333333335,NA,Ross,277,5.3371404119539365,-1.347826086956502,-0.03467212098975114
2008,2.942857142857143,NA,Ross,278,5.512781277742698,-0.34782608695650197,0.14096874479901
2009,2.090909090909091,2,Ross,277,5.489240807096902,-1.347826086956502,0.11742827415321422
2010,1.6666666666666667,26.333333333333332,Ross,277,5.89310041320061,-1.347826086956502,0.5212878802569225
2011,1.8,6.333333333333333,Ross,277,4.998414739272175,-1.347826086956502,-0.37339779367151227
2012,2.076923076923077,1,Ross,278,5.522135045525789,-0.34782608695650197,0.15032251258210128
2013,2.5714285714285716,16,Ross,277,5.471350569167002,-1.347826086956502,0.09953803622331403
2014,3.5217391304347827,NA,Ross,277,5.466875319504164,-1.347826086956502,0.09506278656047673
2015,2.185185185185185,34.220338983050844,Ross,277,4.959602102874851,-1.347826086956502,-0.4122104300688365
2016,1.9565217391304348,8.2,Ross,278,5.700352660260165,-0.34782608695650197,0.32854012731647764
2017,1.5263157894736843,1,Ross,277,5.264227703820003,-1.347826086956502,-0.1075848291236845
2018,2.263157894736842,35.08510638297872,Ross,277,5.409838906318955,-1.347826086956502,0.03802637337526704
2019,3.125,35,Ross,277,5.199693972115519,-1.347826086956502,-0.172118560828169
2020,2.25,NA,Ross,278,5.493566871428642,-0.34782608695650197,0.12175433848495398
2021,3,1,Ross,277,5.434304310513192,-1.347826086956502,0.062491777569504414
2022,2.391304347826087,7,Ross,277,5.365821596102261,-1.347826086956502,-0.005990936841426375
2023,1.8,27.38888888888889,Ross,277,4.511578345730208,-1.347826086956502,-0.8602341872134796
2024,2.090909090909091,NA,Ross,NA,NA,NA,NA
1979,1.5,8,Weddell,240,0.922657526598778,-2.065217391304344,-0.0863216541673173
1980,3,1.5,Weddell,239,0.7629458548475989,-3.065217391304344,-0.24603332591849636
1981,2.764705882352941,17.058823529411764,Weddell,239,0.8693564807531194,-3.065217391304344,-0.13962270001297583
1982,1.5454545454545454,2.75,Weddell,240,0.8302773444614941,-2.065217391304344,-0.17870183630460112
1983,1,6.25,Weddell,239,0.6876994755052148,-3.065217391304344,-0.32127970526088045
1984,2.076923076923077,2,Weddell,240,0.9131135629270326,-2.065217391304344,-0.09586561783906267
1985,1.6666666666666667,17,Weddell,240,0.8720402819134595,-2.065217391304344,-0.13693889885263577
1986,1.8,7.413793103448276,Weddell,239,1.0638136332305208,-3.065217391304344,0.05483445246442553
1987,4,4.166666666666667,Weddell,221,0.8139380010535513,-21.065217391304344,-0.19504117971254398
1988,1.7058823529411764,1,Weddell,245,0.6788837572812441,2.934782608695656,-0.3300954234848512
1989,3.5833333333333335,3.5714285714285716,Weddell,240,0.8549607896976219,-2.065217391304344,-0.15401839106847337
1990,1.7272727272727273,4.4,Weddell,240,1.1629702062815706,-2.065217391304344,0.15399102551547528
1991,2.230769230769231,21.962962962962962,Weddell,240,1.2802874136687628,-2.065217391304344,0.2713082329026675
1992,3.3225806451612905,4.294117647058823,Weddell,241,0.8818640454873202,-1.0652173913043441,-0.12711513527877505
1993,1.8888888888888888,5.869565217391305,Weddell,240,0.9666954458301644,-2.065217391304344,-0.04228373493593085
1994,3.9565217391304346,19,Weddell,240,1.111036595906455,-2.065217391304344,0.10205741514035971
1995,2.5,29.444444444444443,Weddell,240,1.1901292090612796,-2.065217391304344,0.18115002829518434
1996,2.3333333333333335,2,Weddell,241,0.9879190371749814,-1.0652173913043441,-0.021060143591113856
1997,2.076923076923077,5,Weddell,240,1.2366042925337286,-2.065217391304344,0.22762511176763334
1998,1.375,26.142857142857142,Weddell,240,0.953438250488606,-2.065217391304344,-0.0555409302774893
1999,1.6666666666666667,3.4615384615384617,Weddell,240,1.0927000007682133,-2.065217391304344,0.083720820002118
2000,3,13.8,Weddell,241,1.052448955220865,-1.0652173913043441,0.04346977445476963
2001,3.727272727272727,3.7142857142857144,Weddell,240,0.986834967766347,-2.065217391304344,-0.022144212999748225
2002,2.3684210526315788,21.166666666666668,Weddell,240,1.0723002193977251,-2.065217391304344,0.06332103863162986
2003,3.4285714285714284,13.380952380952381,Weddell,240,1.097923417814937,-2.065217391304344,0.0889442370488418
2004,1.9411764705882353,12.6,Weddell,241,1.2595316008785258,-1.0652173913043441,0.2505524201124305
2005,4,13.74074074074074,Weddell,240,0.8501178010212549,-2.065217391304344,-0.15886137974484038
2006,3.1904761904761907,9.962962962962964,Weddell,240,0.8187545745815898,-2.065217391304344,-0.19022460618450543
2007,3.2222222222222223,2,Weddell,240,0.8609115151348143,-2.065217391304344,-0.14806766563128093
2008,2.5,7,Weddell,241,1.1667247589641516,-1.0652173913043441,0.15774557819805635
2009,3.1481481481481484,10.428571428571429,Weddell,240,1.1803434082500615,-2.065217391304344,0.17136422748396618
2010,2.7142857142857144,5.25,Weddell,240,1.2825873496616444,-2.065217391304344,0.2736081688955492
2011,4.153846153846154,9.8125,Weddell,240,1.1072805770578413,-2.065217391304344,0.09830139629174606
2012,2,2.2,Weddell,241,0.9187319048248282,-1.0652173913043441,-0.09024727594126702
2013,2.5,7.6923076923076925,Weddell,240,1.2551749791470994,-2.065217391304344,0.24619579838100414
2014,2.130434782608696,7.777777777777778,Weddell,240,1.259819922273429,-2.065217391304344,0.2508407415073337
2015,1.962962962962963,5.888888888888889,Weddell,240,1.3803001442133138,-2.065217391304344,0.37132096344721854
2016,2.52,2.75,Weddell,241,0.7542163682082359,-1.0652173913043441,-0.2547628125578594
2017,2.5833333333333335,34.375,Weddell,240,1.182195461672873,-2.065217391304344,0.17321628090677765
2018,3,4.846153846153846,Weddell,240,1.1411259378214302,-2.065217391304344,0.13214675705533496
2019,2.12,5,Weddell,240,0.9192750351980086,-2.065217391304344,-0.0897041455680867
2020,2.3076923076923075,9.125,Weddell,241,0.9681636062053877,-1.0652173913043441,-0.04081557456070761
2021,2.5625,10,Weddell,240,0.9756216996163269,-2.065217391304344,-0.03335748114976833
2022,4.333333333333333,5,Weddell,240,0.8362554177118628,-2.065217391304344,-0.17272376305423243
2023,2.909090909090909,25,Weddell,240,1.3442241621284303,-2.065217391304344,0.33524498136233505
2024,2.6363636363636362,NA,Weddell,NA,NA,NA,NA
1979,2,25.324324324324323,circumpolar,264,15.029687997504436,-2.6086956521739353,-0.5192736768703394
1980,1.9333333333333333,33.05714285714286,circumpolar,265,16.137952428861144,-1.6086956521739353,0.5889907544863693
1981,2.3333333333333335,7.222222222222222,circumpolar,265,15.844160426170674,-1.6086956521739353,0.2951987517958994
1982,2.375,1.5,circumpolar,264,15.222148072370056,-2.6086956521739353,-0.32681360200471943
1983,1.7142857142857142,43,circumpolar,265,15.582348943028837,-1.6086956521739353,0.03338726865406194
1984,1.6666666666666667,5.5,circumpolar,266,15.757290274923243,-0.6086956521739353,0.2083286005484677
1985,1.4285714285714286,13,circumpolar,264,15.987124318352555,-2.6086956521739353,0.4381626439777797
1986,2.2941176470588234,3,circumpolar,265,14.620154773373443,-1.6086956521739353,-0.928806901001332
1987,1.6666666666666667,50.833333333333336,circumpolar,244,15.267743078587,-22.608695652173935,-0.2812185957877755
1988,2.142857142857143,10.571428571428571,circumpolar,270,15.934802047957382,3.3913043478260647,0.3858403735826066
1989,3.4545454545454546,17.37837837837838,circumpolar,265,15.139576412452506,-1.6086956521739353,-0.4093852619222691
1990,2,1,circumpolar,265,15.281596336468894,-1.6086956521739353,-0.2673653379058809
1991,4,13.133333333333333,circumpolar,265,15.865806616053892,-1.6086956521739353,0.3168449416791166
1992,3.8275862068965516,4.25,circumpolar,266,15.7603265075359,-0.6086956521739353,0.21136483316112553
1993,2.3333333333333335,NA,circumpolar,265,15.995805190118427,-1.6086956521739353,0.44684351574365166
1994,3.1538461538461537,7.5,circumpolar,265,15.409133275465308,-1.6086956521739353,-0.13982839890946686
1995,3.3333333333333335,2,circumpolar,265,15.078096319892348,-1.6086956521739353,-0.4708653544824273
1996,2.0588235294117645,6.142857142857143,circumpolar,266,15.886449370787885,-0.6086956521739353,0.3374876964131097
1997,2.3333333333333335,NA,circumpolar,265,16.328301278045956,-1.6086956521739353,0.7793396036711808
1998,4.379310344827586,4.454545454545454,circumpolar,265,16.232701935820245,-1.6086956521739353,0.68374026144547
1999,2.238095238095238,3.25,circumpolar,265,15.861291098102123,-1.6086956521739353,0.3123294237273484
2000,1.5,8.333333333333334,circumpolar,266,16.061990434488497,-0.6086956521739353,0.5130287601137216
2001,2.2941176470588234,4,circumpolar,265,14.72634799609586,-1.6086956521739353,-0.8226136782789144
2002,3.7,15,circumpolar,265,15.146721459921853,-1.6086956521739353,-0.402240214452922
2003,3.3333333333333335,13.3125,circumpolar,265,14.823630552247165,-1.6086956521739353,-0.72533112212761
2004,2.0434782608695654,NA,circumpolar,266,15.399373903883532,-0.6086956521739353,-0.14958777049124272
2005,3.1052631578947367,4,circumpolar,265,16.334339816291546,-1.6086956521739353,0.7853781419167714
2006,3.967741935483871,7.222222222222222,circumpolar,265,16.699758901531847,-1.6086956521739353,1.1507972271570726
2007,2.7142857142857144,9.615384615384615,circumpolar,265,16.00750522381922,-1.6086956521739353,0.4585435494444443
2008,2.8095238095238093,20.5,circumpolar,266,14.47102206738218,-0.6086956521739353,-1.0779396069925955
2009,4.548387096774194,2,circumpolar,265,16.234051035958142,-1.6086956521739353,0.6850893615833673
2010,3.914285714285714,44.36470588235294,circumpolar,265,15.942046647307956,-1.6086956521739353,0.3930849729331811
2011,1.588235294117647,5.285714285714286,circumpolar,265,16.353032466254138,-1.6086956521739353,0.8040707918793633
2012,2.4782608695652173,9.742857142857142,circumpolar,266,15.926334173508632,-0.6086956521739353,0.3773724991338572
2013,3.125,NA,circumpolar,265,15.729125883581212,-1.6086956521739353,0.1801642092064366
2014,2.68,3.5714285714285716,circumpolar,265,16.464924560951907,-1.6086956521739353,0.9159628865771321
2015,4,40.21568627450981,circumpolar,265,15.0262424499,-1.6086956521739353,-0.5227192244747751
2016,2.25,15.74074074074074,circumpolar,266,15.68453218987556,-0.6086956521739353,0.1355705155007847
2017,3,NA,circumpolar,265,15.876841514240938,-1.6086956521739353,0.32787983986616354
2018,2.4615384615384617,2.75,circumpolar,265,15.791667274964631,-1.6086956521739353,0.24270560058985602
2019,5.214285714285714,33,circumpolar,265,15.722793782342542,-1.6086956521739353,0.17383210796776716
2020,3.32,11.521739130434783,circumpolar,266,15.99198977141633,-0.6086956521739353,0.4430280970415552
2021,2.3684210526315788,11.88,circumpolar,265,15.839591044632195,-1.6086956521739353,0.2906293702574203
2022,2.5,8.44,circumpolar,265,15.967822321620876,-1.6086956521739353,0.4188606472461007
2023,3.272727272727273,81,circumpolar,265,15.137443325069949,-1.6086956521739353,-0.411518349304826
2024,2.217391304347826,NA,circumpolar,NA,NA,NA,NA
