time,Sea Ice Extent (million km²)
2012-07-13,29627971.57
2012-07-14,29665555.31
2012-07-15,29770279.19
2012-07-16,29880019.87
2012-07-17,29942563.7
2012-07-18,30047508.07
2012-07-19,30132145.56
2012-07-20,30243115.35
2012-07-21,30349004.54
2012-07-22,30407835.26
2012-07-23,30329954.0
2012-07-24,30414735.19
2012-07-25,30458333.77
2012-07-26,30593712.25
2012-07-27,30634441.71
2012-07-28,30713887.16
2012-07-29,30811903.92
2012-07-30,30788449.92
2012-07-31,30808547.58
2012-08-01,30903326.17
2012-08-02,31008567.23
2012-08-03,31084349.43
2012-08-04,31262030.31
2012-08-05,31338471.49
2012-08-06,31296976.81
2012-08-07,31315252.73
2012-08-08,31347229.25
2012-08-09,31389445.25
2012-08-10,31541374.99
2012-08-11,31612893.3
2012-08-12,31711703.97
2012-08-13,31856813.51
2012-08-14,31983457.5
2012-08-15,31998873.32
2012-08-16,31995850.75
2012-08-17,32014084.25
2012-08-18,32056890.33
2012-08-19,32140347.86
2012-08-20,32219196.97
2012-08-21,32291154.41
2012-08-22,32322493.51
2012-08-23,32323329.16
2012-08-24,32329414.12
2012-08-25,32342811.82
2012-08-26,32270898.52
2012-08-27,32295192.27
2012-08-28,32304001.68
2012-08-29,32386601.35
2012-08-30,32424796.7
2012-08-31,32428458.17
2012-09-01,32514175.38
2012-09-02,32556095.09
2012-09-03,32564492.16
2012-09-04,32549735.95
2012-09-05,32682235.89
2012-09-06,32759946.68
2012-09-07,32824066.97
2012-09-08,32896025.62
2012-09-09,32879519.44
2012-09-10,32909531.23
2012-09-11,32965154.31
2012-09-12,32982801.62
2012-09-13,33060027.23
2012-09-14,33087280.45
2012-09-15,33137076.26
2012-09-16,33194066.8
2012-09-17,33233215.13
2012-09-18,33358422.26
2012-09-19,33512232.32
2012-09-20,33583173.88
2012-09-21,33613169.92
2012-09-22,33609963.05
2012-09-23,33651519.4
2012-09-24,33666758.14
2012-09-25,33684631.64
2012-09-26,33567417.01
2012-09-27,33517085.11
2012-09-28,33518055.96
2012-09-29,33584634.17
2012-09-30,33607242.47
2012-10-01,33633050.39
2012-10-02,33746449.92
2012-10-03,33724757.42
2012-10-04,33695849.12
2012-10-05,33734009.16
2012-10-06,33705272.24
2012-10-07,33646777.03
2012-10-08,33568363.82
2012-10-09,33535525.37
2012-10-10,33453738.88
2012-10-11,33451260.06
2012-10-12,33444327.72
2012-10-13,33441320.39
2012-10-14,33419104.32
2012-10-15,33377352.77
2012-10-16,33402641.83
2012-10-17,33323568.6
2012-10-18,33275924.96
2012-10-19,33217815.81
2012-10-20,33139160.29
2012-10-21,33107885.79
2012-10-22,33052014.19
2012-10-23,32976434.74
2012-10-24,32923689.94
2012-10-25,32919167.08
2012-10-26,32921391.78
2012-10-27,32841330.52
2012-10-28,32824151.5
2012-10-29,32788706.87
2012-10-30,32810718.51
2012-10-31,32783049.6
2012-11-01,32764200.7
2012-11-02,32655570.7
2012-11-03,32546145.04
2012-11-04,32472653.09
2012-11-05,32407361.09
2012-11-06,32369349.29
2012-11-07,32206661.27
2012-11-08,32221418.19
2012-11-09,32195341.81
2012-11-10,32079962.98
2012-11-11,32029468.69
2012-11-12,31962673.25
2012-11-13,31895379.81
2012-11-14,31801400.81
2012-11-15,31732810.39
2012-11-16,31627323.74
2012-11-17,31507961.97
2012-11-18,31394408.36
2012-11-19,31347667.62
2012-11-20,31211300.07
2012-11-21,31066309.44
2012-11-22,31025794.53
2012-11-23,30951816.64
2012-11-24,30799629.14
2012-11-25,30659702.3
2012-11-26,30567362.4
2012-11-27,30464935.91
2012-11-28,30299050.07
2012-11-29,30162100.11
2012-11-30,29963075.09
2012-12-01,29844364.23
2012-12-02,29625850.52
2012-12-03,29441875.44
2012-12-04,29290600.1
2012-12-05,29181417.88
2012-12-06,28962797.3
2012-12-07,28650743.77
2012-12-08,28501083.34
2012-12-09,28335742.12
2012-12-10,28145111.12
2012-12-11,27926414.5
2012-12-12,27776754.73
2012-12-13,27639803.24
2012-12-14,27333012.59
2012-12-15,27206007.91
2012-12-16,27088018.04
2012-12-17,26837129.13
2012-12-18,26666643.44
2012-12-19,26477154.06
2012-12-20,26245043.21
2012-12-21,26083011.02
2012-12-22,25871686.94
2012-12-23,25600575.51
2012-12-24,25350450.75
2012-12-25,25093396.45
2012-12-26,24928428.42
2012-12-27,24610129.22
2012-12-28,24358044.25
2012-12-29,24085053.44
2012-12-30,23870013.94
2012-12-31,23725026.98
2013-01-01,23506789.95
2013-01-02,23250391.8
2013-01-03,22986314.16
2013-01-04,22746606.13
2013-01-05,22466070.78
2013-01-06,22329942.89
2013-01-07,22145873.92
2013-01-08,21933509.58
2013-01-09,21699254.24
2013-01-10,21554185.68
2013-01-11,21438008.22
2013-01-12,21206580.46
2013-01-13,21151598.82
2013-01-14,21051915.09
2013-01-15,20913321.07
2013-01-16,20842246.45
2013-01-17,20725744.83
2013-01-18,20637088.68
2013-01-19,20461062.14
2013-01-20,20413742.13
2013-01-21,20285663.8
2013-01-22,20198473.43
2013-01-23,20079880.24
2013-01-24,19931853.04
2013-01-25,19884667.79
2013-01-26,19730618.06
2013-01-27,19677181.6
2013-01-28,19566791.15
2013-01-29,19507331.6
2013-01-30,19428964.75
2013-01-31,19367201.25
2013-02-01,19279127.99
2013-02-02,19263706.95
2013-02-03,19211019.03
2013-02-04,19178712.52
2013-02-05,19132537.01
2013-02-06,19042940.79
2013-02-07,18985297.8
2013-02-08,18920434.38
2013-02-09,18804175.09
2013-02-10,18771170.23
2013-02-11,18699926.82
2013-02-12,18643038.7
2013-02-13,18588045.8
2013-02-14,18533234.52
2013-02-15,18487474.43
2013-02-16,18441079.96
2013-02-17,18397588.83
2013-02-18,18332259.82
2013-02-19,18338976.12
2013-02-20,18284902.72
2013-02-21,18283330.86
2013-02-22,18300740.47
2013-02-23,18278273.91
2013-02-24,18253139.94
2013-02-25,18192086.14
2013-02-26,18167454.02
2013-02-27,18170615.24
2013-02-28,18211359.07
2013-03-01,18192007.17
2013-03-02,18204965.65
2013-03-03,18181160.41
2013-03-04,18256346.05
2013-03-05,18262543.34
2013-03-06,18206500.65
2013-03-07,18226005.07
2013-03-08,18214531.75
2013-03-09,18251697.7
2013-03-10,18326875.02
2013-03-11,18376546.1
2013-03-12,18487135.71
2013-03-13,18512876.47
2013-03-14,18517928.21
2013-03-15,18565319.39
2013-03-16,18693408.48
2013-03-17,18798350.85
2013-03-18,18920246.02
2013-03-19,19015784.51
2013-03-20,19090944.8
2013-03-21,19141243.78
2013-03-22,19214325.22
2013-03-23,19258152.73
2013-03-24,19286725.28
2013-03-25,19308473.11
2013-03-26,19351306.78
2013-03-27,19421153.76
2013-03-28,19495351.22
2013-03-29,19542893.33
2013-03-30,19590297.56
2013-03-31,19646227.75
2013-04-01,19734452.61
2013-04-02,19845355.98
2013-04-03,19855839.35
2013-04-04,19946292.4
2013-04-05,19995197.69
2013-04-06,20062179.08
2013-04-07,20107336.46
2013-04-08,20209442.19
2013-04-09,20275541.4
2013-04-10,20414168.12
2013-04-11,20450965.29
2013-04-12,20589407.35
2013-04-13,20666539.87
2013-04-14,20770147.67
2013-04-15,20867052.07
2013-04-16,20978176.84
2013-04-17,21108806.74
2013-04-18,21206101.03
2013-04-19,21275851.87
2013-04-20,21385486.26
2013-04-21,21442070.11
2013-04-22,21560309.1
2013-04-23,21621370.5
2013-04-24,21741181.81
2013-04-25,21781953.41
2013-04-26,21836639.19
2013-04-27,21954923.37
2013-04-28,22061709.92
2013-04-29,22111483.14
2013-04-30,22193213.17
2013-05-01,22268781.09
2013-05-02,22396000.06
2013-05-03,22527038.43
2013-05-04,22648246.24
2013-05-05,22790261.46
2013-05-06,22875325.76
2013-05-07,22986840.01
2013-05-08,23134265.39
2013-05-09,23215138.4
2013-05-10,23345718.56
2013-05-11,23447970.45
2013-05-12,23581257.13
2013-05-13,23751016.14
2013-05-14,23894749.1
2013-05-15,23949274.91
2013-05-16,24068010.14
2013-05-17,24204530.64
2013-05-18,24304566.39
2013-05-19,24471996.62
2013-05-20,24534848.54
2013-05-21,39946599.84
2013-05-22,25086186.17
2013-05-23,25182575.12
2013-05-24,25300022.9
2013-05-25,25376902.24
2013-05-26,25527781.3
2013-05-27,25666748.23
2013-05-28,25773866.31
2013-05-29,25903168.58
2013-05-30,26013187.58
2013-05-31,26119116.4
2013-06-01,26227143.06
2013-06-02,26357499.53
2013-06-03,26398064.09
2013-06-04,26339848.88
2013-06-05,26458921.85
2013-06-06,26698740.53
2013-06-07,26829537.01
2013-06-08,26910467.02
2013-06-09,27046045.18
2013-06-10,27268677.14
2013-06-11,27404961.46
2013-06-12,27537829.99
2013-06-13,27646942.17
2013-06-14,27708046.87
2013-06-15,27764135.88
2013-06-16,27899420.91
2013-06-17,27936141.11
2013-06-18,27929970.08
2013-06-19,27993439.67
2013-06-20,28190422.57
2013-06-21,28337298.77
2013-06-22,28545794.06
2013-06-23,28717239.46
2013-06-24,28775090.72
2013-06-25,28852761.11
2013-06-26,28848534.31
2013-06-27,28841835.0
2013-06-28,28991219.91
2013-06-29,29048782.65
2013-06-30,29115626.71
2013-07-01,29196574.29
2013-07-02,29364081.46
2013-07-03,29442156.84
2013-07-04,29487521.0
2013-07-05,29626032.11
2013-07-06,29718940.49
2013-07-07,29748786.0
2013-07-08,29813850.47
2013-07-09,29834287.71
2013-07-10,29921075.87
2013-07-11,30057744.82
2013-07-12,30183889.65
2013-07-13,30315657.55
2013-07-14,30489282.44
2013-07-15,30552453.99
2013-07-16,30643906.06
2013-07-17,30685921.09
2013-07-18,30724044.31
2013-07-19,30811545.49
2013-07-20,30973196.66
2013-07-21,31056472.37
2013-07-22,31091437.58
2013-07-23,31118719.04
2013-07-24,31088647.79
2013-07-25,31098492.19
2013-07-26,31223619.96
2013-07-27,31337096.87
2013-07-28,31442800.77
2013-07-29,31436807.77
2013-07-30,31411340.13
2013-07-31,31483432.28
2013-08-01,31603884.3
2013-08-02,31673575.71
2013-08-03,31770578.39
2013-08-04,31878047.3
2013-08-05,32034874.81
2013-08-06,32165651.23
2013-08-07,32253087.71
2013-08-08,32260144.72
2013-08-09,32304367.85
2013-08-10,32417394.72
2013-08-11,32316886.58
2013-08-12,32304568.45
2013-08-13,32276319.09
2013-08-14,32304328.66
2013-08-15,32549674.8
2013-08-16,32687323.01
2013-08-17,32767153.4
2013-08-18,32801529.54
2013-08-19,32884287.38
2013-08-20,32942147.41
2013-08-21,33060147.09
2013-08-22,33120007.53
2013-08-23,33073677.88
2013-08-24,33063530.27
2013-08-25,33081310.14
2013-08-26,33177700.34
2013-08-27,33182557.23
2013-08-28,33219223.08
2013-08-29,33266798.94
2013-08-30,33285221.13
2013-08-31,33338742.88
2013-09-01,33372617.11
2013-09-02,33359038.23
2013-09-03,33413128.79
2013-09-04,33405551.64
2013-09-05,33392433.25
2013-09-06,33337786.14
2013-09-07,33312332.51
2013-09-08,33417455.52
2013-09-09,33569593.88
2013-09-10,33553258.96
2013-09-11,33536680.4
2013-09-12,33510491.26
2013-09-13,33422105.62
2013-09-14,33455002.19
2013-09-15,33504058.85
2013-09-16,33516758.46
2013-09-17,33602728.44
2013-09-18,33643384.76
2013-09-19,33687316.45
2013-09-20,33790956.79
2013-09-21,33880710.67
2013-09-22,33832266.13
2013-09-23,33804787.08
2013-09-24,33850777.93
2013-09-25,33835005.92
2013-09-26,33824839.27
2013-09-27,33909931.21
2013-09-28,33896427.3
2013-09-29,33841947.65
2013-09-30,33804546.35
2013-10-01,33771119.59
2013-10-02,33769776.4
2013-10-03,33782987.94
2013-10-04,33822781.4
2013-10-05,33819216.74
2013-10-06,33790202.96
2013-10-07,33834118.95
2013-10-08,33817144.3
2013-10-09,33764807.42
2013-10-10,33747221.71
2013-10-11,33678582.77
2013-10-12,33618144.49
2013-10-13,33646783.64
2013-10-14,33641040.43
2013-10-15,33676369.75
2013-10-16,33709223.75
2013-10-17,33719229.15
2013-10-18,33701386.3
2013-10-19,33642816.86
2013-10-20,33606726.58
2013-10-21,33579593.16
2013-10-22,33556128.71
2013-10-23,33528259.41
2013-10-24,33484064.81
2013-10-25,33489939.21
2013-10-26,33339713.51
2013-10-27,33199187.94
2013-10-28,33098278.53
2013-10-29,32955471.8
2013-10-30,32873161.69
2013-10-31,32815604.62
2013-11-01,32799231.22
2013-11-02,32743759.98
2013-11-03,32717071.94
2013-11-04,32685386.66
2013-11-05,32632247.06
2013-11-06,32634784.91
2013-11-07,32614643.05
2013-11-08,32528141.03
2013-11-09,32481987.89
2013-11-10,32364589.8
2013-11-11,32343493.3
2013-11-12,32250197.03
2013-11-13,32172240.39
2013-11-14,32112893.47
2013-11-15,32056183.93
2013-11-16,32018772.46
2013-11-17,31913740.19
2013-11-18,31778451.72
2013-11-19,31609313.68
2013-11-20,31491755.56
2013-11-21,31405866.86
2013-11-22,31320929.9
2013-11-23,31223591.79
2013-11-24,31087503.17
2013-11-25,30992118.59
2013-11-26,30915902.4
2013-11-27,30828252.95
2013-11-28,30653474.29
2013-11-29,30508548.09
2013-11-30,30350174.61
2013-12-01,30164831.87
2013-12-02,30116474.74
2013-12-03,30076756.6
2013-12-04,29908901.59
2013-12-05,29743664.82
2013-12-06,29616431.14
2013-12-07,29427807.5
2013-12-08,29169377.66
2013-12-09,28963306.48
2013-12-10,28766910.34
2013-12-11,28626997.95
2013-12-12,28467892.34
2013-12-13,28270987.24
2013-12-14,28047262.52
2013-12-15,27906791.66
2013-12-16,27584420.78
2013-12-17,27354005.68
2013-12-18,27063133.28
2013-12-19,26917471.62
2013-12-20,26765497.08
2013-12-21,26658081.79
2013-12-22,26510459.97
2013-12-23,26426840.17
2013-12-24,26314562.28
2013-12-25,26077291.03
2013-12-26,25859964.66
2013-12-27,25635333.84
2013-12-28,25410021.26
2013-12-29,25208205.93
2013-12-30,24858718.9
2013-12-31,24622426.38
2014-01-01,24357875.53
2014-01-02,24167701.69
2014-01-03,23921099.18
2014-01-04,23787352.49
2014-01-05,23568182.79
2014-01-06,23305385.05
2014-01-07,23134364.73
2014-01-08,22934799.43
2014-01-09,22820487.07
2014-01-10,22646185.57
2014-01-11,22574900.95
2014-01-12,22320163.32
2014-01-13,22108487.07
2014-01-14,21873879.8
2014-01-15,21702785.88
2014-01-16,21564689.29
2014-01-17,21497252.41
2014-01-18,21356314.1
2014-01-19,21207898.26
2014-01-20,21080725.24
2014-01-21,20937138.07
2014-01-22,20795887.51
2014-01-23,20618144.35
2014-01-24,20442826.8
2014-01-25,20292845.04
2014-01-26,20135305.08
2014-01-27,20029648.71
2014-01-28,19956617.97
2014-01-29,19842078.92
2014-01-30,19814957.84
2014-01-31,19673850.96
2014-02-01,19604105.63
2014-02-02,19549351.59
2014-02-03,19369383.79
2014-02-04,19266724.49
2014-02-05,19190210.83
2014-02-06,19161609.65
2014-02-07,19092414.1
2014-02-08,19047939.67
2014-02-09,18975904.95
2014-02-10,18937113.7
2014-02-11,18868580.87
2014-02-12,18796575.3
2014-02-13,18816030.43
2014-02-14,18661587.8
2014-02-15,18569461.33
2014-02-16,18488939.67
2014-02-17,18434831.88
2014-02-18,18316631.31
2014-02-19,18251075.31
2014-02-20,18210641.18
2014-02-21,18114111.79
2014-02-22,18081239.51
2014-02-23,18120041.08
2014-02-24,18135024.84
2014-02-25,18125037.84
2014-02-26,18112561.51
2014-02-27,18058790.87
2014-02-28,18109498.76
2014-03-01,18132669.99
2014-03-02,18109706.42
2014-03-03,18114219.58
2014-03-04,18572783.53
2014-03-05,18221630.75
2014-03-06,18257077.2
2014-03-07,18288764.31
2014-03-08,18308112.19
2014-03-09,18428202.96
2014-03-10,18391325.05
2014-03-11,18423778.17
2014-03-12,18519852.02
2014-03-13,18644763.52
2014-03-14,18633481.87
2014-03-15,18744968.11
2014-03-16,18839749.26
2014-03-17,18851862.94
2014-03-18,18865837.76
2014-03-19,18975509.91
2014-03-20,19025467.77
2014-03-21,19113800.82
2014-03-22,19093630.34
2014-03-23,19124557.71
2014-03-24,19212605.1
2014-03-25,19275472.1
2014-03-26,19379493.36
2014-03-27,19519592.53
2014-03-28,19598095.09
2014-03-29,19695485.9
2014-03-30,19840432.41
2014-03-31,19892402.22
2014-04-01,20008608.37
2014-04-02,20231606.35
2014-04-03,20343745.06
2014-04-04,20461064.96
2014-04-05,20517746.79
2014-04-06,20615740.82
2014-04-07,20757852.09
2014-04-08,20916041.29
2014-04-09,20969522.49
2014-04-10,21097725.54
2014-04-11,21243112.66
2014-04-12,21380046.31
2014-04-13,21467474.36
2014-04-14,21585193.11
2014-04-15,21769312.71
2014-04-16,21886195.76
2014-04-17,21976134.7
2014-04-18,22150277.02
2014-04-19,22268312.07
2014-04-20,22367784.46
2014-04-21,22474475.77
2014-04-22,22560641.59
2014-04-23,22789491.18
2014-04-24,22932027.97
2014-04-25,23056494.7
2014-04-26,23106477.78
2014-04-27,23178975.13
2014-04-28,23265312.88
2014-04-29,23271613.58
2014-04-30,23324964.54
2014-05-01,23422863.12
2014-05-02,23548624.51
2014-05-03,23696475.05
2014-05-04,23796417.89
2014-05-05,23873883.69
2014-05-06,23932632.63
2014-05-07,24072091.32
2014-05-08,24260264.86
2014-05-09,24383083.47
2014-05-10,24606912.89
2014-05-11,24742658.98
2014-05-12,24851540.9
2014-05-13,24931502.03
2014-05-14,24992923.83
2014-05-15,25064095.02
2014-05-16,25180150.72
2014-05-17,25229445.12
2014-05-18,25268484.1
2014-05-19,25444752.9
2014-05-20,25467150.29
2014-05-21,25563418.19
2014-05-22,25679903.34
2014-05-23,25736123.87
2014-05-24,25879255.11
2014-05-25,26039536.71
2014-05-26,26210376.72
2014-05-27,26322458.09
2014-05-28,26417920.55
2014-05-29,26490062.01
2014-05-30,26644402.19
2014-05-31,26746129.19
2014-06-01,26719089.02
2014-06-02,26741140.5
2014-06-03,26808025.5
2014-06-04,26900470.18
2014-06-05,26994854.97
2014-06-06,27065883.43
2014-06-07,27304340.15
2014-06-08,27436612.87
2014-06-09,27542701.13
2014-06-10,27710688.34
2014-06-11,27789289.84
2014-06-12,27815097.04
2014-06-13,27950081.97
2014-06-14,28076583.18
2014-06-15,28166864.4
2014-06-16,28210766.12
2014-06-17,28332604.04
2014-06-18,28411626.84
2014-06-19,28483633.13
2014-06-20,28592479.81
2014-06-21,28721038.79
2014-06-22,28853559.88
2014-06-23,29024603.71
2014-06-24,29140829.07
2014-06-25,29289391.36
2014-06-26,29375811.05
2014-06-27,29537757.27
2014-06-28,29732820.77
2014-06-29,29761996.37
2014-06-30,29820672.9
2014-07-01,29895538.79
2014-07-02,30075897.84
2014-07-03,30126270.96
2014-07-04,30225620.63
2014-07-05,30313071.78
2014-07-06,30410689.84
2014-07-07,30550819.49
2014-07-08,30693347.83
2014-07-09,30738135.88
2014-07-10,30782762.66
2014-07-11,30869885.25
2014-07-12,30894249.81
2014-07-13,30834439.4
2014-07-14,30924596.94
2014-07-15,30845788.77
2014-07-16,30775990.41
2014-07-17,30759887.54
2014-07-18,30824138.69
2014-07-19,30966571.22
2014-07-20,31006270.21
2014-07-21,30975795.5
2014-07-22,31007377.54
2014-07-23,31097202.74
2014-07-24,31166183.89
2014-07-25,31397304.43
2014-07-26,31497348.64
2014-07-27,31659668.18
2014-07-28,31758952.1
2014-07-29,31896936.72
2014-07-30,31958609.3
2014-07-31,32086417.71
2014-08-01,32175387.81
2014-08-02,32230516.42
2014-08-03,32207302.36
2014-08-04,32294760.21
2014-08-05,32318907.95
2014-08-06,32432786.83
2014-08-07,32549440.22
2014-08-08,32636072.8
2014-08-09,32677178.4
2014-08-10,32803781.17
2014-08-11,32953722.43
2014-08-12,32851364.08
2014-08-13,32871869.77
2014-08-14,33012906.34
2014-08-15,33082023.74
2014-08-16,33066135.4
2014-08-17,33049124.63
2014-08-18,33160671.45
2014-08-19,33149229.31
2014-08-20,33208245.77
2014-08-21,33342362.62
2014-08-22,33322243.76
2014-08-23,33253393.42
2014-08-24,33249881.81
2014-08-25,33216319.39
2014-08-26,33251273.66
2014-08-27,33277306.64
2014-08-28,33327286.92
2014-08-29,33459502.52
2014-08-30,33449577.53
2014-08-31,33362186.65
2014-09-01,33253603.72
2014-09-02,33304993.35
2014-09-03,33446263.01
2014-09-04,33447779.25
2014-09-05,33522133.42
2014-09-06,33531366.24
2014-09-07,33557886.61
2014-09-08,33486656.1
2014-09-09,33476277.81
2014-09-10,33539679.58
2014-09-11,33624198.1
2014-09-12,33762756.99
2014-09-13,33779186.22
2014-09-14,33741530.2
2014-09-15,33790795.77
2014-09-16,33890988.57
2014-09-17,33987887.71
2014-09-18,34042175.4
2014-09-19,34202150.51
2014-09-20,34252474.82
2014-09-21,34291869.31
2014-09-22,34304441.07
2014-09-23,34382899.71
2014-09-24,34446136.44
2014-09-25,34413718.19
2014-09-26,34504358.0
2014-09-27,34485379.8
2014-09-28,34464362.77
2014-09-29,34431823.39
2014-09-30,34349480.93
2014-10-01,34325755.32
2014-10-02,34327496.66
2014-10-03,34349552.02
2014-10-04,34355919.99
2014-10-05,34347205.05
2014-10-06,34247065.4
2014-10-07,34143349.44
2014-10-08,33994395.75
2014-10-09,33966443.28
2014-10-10,33933779.23
2014-10-11,33865432.39
2014-10-12,33880264.59
2014-10-13,33931512.96
2014-10-14,33818085.12
2014-10-15,33774903.68
2014-10-16,33698449.51
2014-10-17,33685764.91
2014-10-18,33579742.63
2014-10-19,33494156.01
2014-10-20,33455332.0
2014-10-21,33410778.9
2014-10-22,33350498.49
2014-10-23,33225510.62
2014-10-24,33157927.11
2014-10-25,33149960.39
2014-10-26,33089307.25
2014-10-27,32998325.72
2014-10-28,32949488.25
2014-10-29,32974677.22
2014-10-30,32992946.09
2014-10-31,32982046.42
2014-11-01,32926626.89
2014-11-02,32873428.94
2014-11-03,32833571.24
2014-11-04,32747305.53
2014-11-05,32693059.76
2014-11-06,32698358.43
2014-11-07,32520290.75
2014-11-08,32374596.8
2014-11-09,32194226.44
2014-11-10,32064443.72
2014-11-11,32050939.44
2014-11-12,32011806.3
2014-11-13,31879694.24
2014-11-14,31765040.1
2014-11-15,31676720.53
2014-11-16,31607578.26
2014-11-17,31464733.3
2014-11-18,31357691.18
2014-11-19,31190497.35
2014-11-20,31081700.52
2014-11-21,30947153.85
2014-11-22,30803459.47
2014-11-23,30609483.29
2014-11-24,30529159.72
2014-11-25,30360035.81
2014-11-26,30262063.59
2014-11-27,30195251.88
2014-11-28,30084801.43
2014-11-29,29948632.76
2014-11-30,29875919.57
2014-12-01,29772517.01
2014-12-02,29607575.32
2014-12-03,29440931.33
2014-12-04,29279340.49
2014-12-05,29133280.45
2014-12-06,28966992.32
2014-12-07,28737725.43
2014-12-08,28691468.37
2014-12-09,28517229.59
2014-12-10,28421507.28
2014-12-11,28300243.44
2014-12-12,28129255.8
2014-12-13,28029809.64
2014-12-14,27935203.14
2014-12-15,27736332.04
2014-12-16,27604865.68
2014-12-17,27378002.24
2014-12-18,27255593.73
2014-12-19,27077546.91
2014-12-20,26974400.5
2014-12-21,26823243.96
2014-12-22,26613332.19
2014-12-23,26379612.32
2014-12-24,26268105.63
2014-12-25,25927744.1
2014-12-26,25784407.54
2014-12-27,25592085.85
2014-12-28,25388799.35
2014-12-29,25099889.58
2014-12-30,24908703.99
2014-12-31,24817393.91
2015-01-01,24590567.14
2015-01-02,24429375.87
2015-01-03,24365037.63
2015-01-04,24244425.86
2015-01-05,24054858.57
2015-01-06,23982000.85
2015-01-07,23822001.62
2015-01-08,23742810.31
2015-01-09,23674316.34
2015-01-10,23477812.83
2015-01-11,23320567.66
2015-01-12,23161876.63
2015-01-13,23046209.07
2015-01-14,22942328.47
2015-01-15,22804153.4
2015-01-16,22630348.38
2015-01-17,22524642.29
2015-01-18,22289917.07
2015-01-19,22109311.17
2015-01-20,21954953.04
2015-01-21,21857548.71
2015-01-22,21748770.2
2015-01-23,21597929.13
2015-01-24,21385000.16
2015-01-25,21231808.78
2015-01-26,20905866.23
2015-01-27,20592216.74
2015-01-28,20461222.33
2015-01-29,20144723.2
2015-01-30,19902722.82
2015-01-31,19886081.32
2015-02-01,19622943.39
2015-02-02,19558558.1
2015-02-03,19484503.43
2015-02-04,19377278.77
2015-02-05,19261206.49
2015-02-06,19164162.38
2015-02-07,19145688.83
2015-02-08,19053033.1
2015-02-09,19000755.57
2015-02-10,18925569.82
2015-02-11,18824369.08
2015-02-12,18680834.24
2015-02-13,18599926.69
2015-02-14,18517374.77
2015-02-15,18401721.46
2015-02-16,18354529.48
2015-02-17,18285528.02
2015-02-18,18234235.04
2015-02-19,18213138.38
2015-02-20,18141646.12
2015-02-21,18153347.54
2015-02-22,18127880.98
2015-02-23,18079984.47
2015-02-24,18052384.44
2015-02-25,18048678.6
2015-02-26,18102998.98
2015-02-27,18101640.41
2015-02-28,18150023.34
2015-03-01,18152725.54
2015-03-02,18190311.12
2015-03-03,18156069.11
2015-03-04,18187425.06
2015-03-05,18202632.7
2015-03-06,18282060.72
2015-03-07,18296019.2
2015-03-08,18323490.4
2015-03-09,18269986.22
2015-03-10,18400596.83
2015-03-11,18484022.26
2015-03-12,18518691.83
2015-03-13,18582014.1
2015-03-14,18626664.66
2015-03-15,18661524.36
2015-03-16,18739770.45
2015-03-17,18795321.92
2015-03-18,18896316.23
2015-03-19,18932162.02
2015-03-20,19052378.45
2015-03-21,19117641.78
2015-03-22,19250053.25
2015-03-23,19369657.72
2015-03-24,19475033.79
2015-03-25,19544710.44
2015-03-26,19643315.95
2015-03-27,19767381.92
2015-03-28,19818940.54
2015-03-29,19908737.49
2015-03-30,20016187.34
2015-03-31,20037554.7
2015-04-01,20125751.25
2015-04-02,20226185.75
2015-04-03,20356517.07
2015-04-04,20456417.57
2015-04-05,20572916.05
2015-04-06,20659385.71
2015-04-07,20761182.46
2015-04-08,20928594.5
2015-04-09,20972584.8
2015-04-10,21093092.35
2015-04-11,21161576.23
2015-04-12,21227692.95
2015-04-13,21339167.43
2015-04-14,21505236.04
2015-04-15,21722025.62
2015-04-16,21855531.83
2015-04-17,21956249.44
2015-04-18,22082245.6
2015-04-19,22132458.24
2015-04-20,22248353.07
2015-04-21,22375472.14
2015-04-22,22494884.52
2015-04-23,22711449.29
2015-04-24,22910896.59
2015-04-25,23042230.87
2015-04-26,23144513.91
2015-04-27,23309177.58
2015-04-28,23414530.11
2015-04-29,23469083.6
2015-04-30,23618606.8
2015-05-01,23759073.96
2015-05-02,23854567.09
2015-05-03,23988761.13
2015-05-04,24061465.3
2015-05-05,24190326.56
2015-05-06,24301214.72
2015-05-07,24354269.69
2015-05-08,24473700.85
2015-05-09,24632253.08
2015-05-10,24700147.51
2015-05-11,24779720.08
2015-05-12,24861883.24
2015-05-13,25003326.5
2015-05-14,25156366.34
2015-05-15,25283814.22
2015-05-16,25409973.15
2015-05-17,25443694.69
2015-05-18,25465913.08
2015-05-19,25561657.29
2015-05-20,25827793.02
2015-05-21,25942336.25
2015-05-22,25987637.65
2015-05-23,26116839.88
2015-05-24,26166806.88
2015-05-25,26161230.82
2015-05-26,26233882.07
2015-05-27,26299220.2
2015-05-28,26507314.67
2015-05-29,26563348.17
2015-05-30,26745063.68
2015-05-31,26846007.41
2015-06-01,26943038.12
2015-06-02,27010259.02
2015-06-03,27038697.49
2015-06-04,27134007.61
2015-06-05,27183339.17
2015-06-06,27131300.96
2015-06-07,27211947.91
2015-06-08,27358729.38
2015-06-09,27434315.18
2015-06-10,27511262.29
2015-06-11,27578754.06
2015-06-12,27624655.18
2015-06-13,27738260.16
2015-06-14,27895448.32
2015-06-15,27932297.55
2015-06-16,28126029.57
2015-06-17,28170376.71
2015-06-18,28249146.5
2015-06-19,28424424.18
2015-06-20,28549535.57
2015-06-21,28669673.84
2015-06-22,28717461.01
2015-06-23,28798033.13
2015-06-24,28934797.43
2015-06-25,29081957.12
2015-06-26,29220736.34
2015-06-27,29367281.78
2015-06-28,29483048.11
2015-06-29,29527793.05
2015-06-30,29578549.58
2015-07-01,29569337.37
2015-07-02,29639255.4
2015-07-03,29732423.8
2015-07-04,29871882.45
2015-07-05,30013687.01
2015-07-06,30112538.21
2015-07-07,30190786.42
2015-07-08,30248174.63
2015-07-09,30301168.47
2015-07-10,30410162.44
2015-07-11,30560136.11
2015-07-12,30714224.38
2015-07-13,30696370.6
2015-07-14,30766876.4
2015-07-15,30836828.1
2015-07-16,30945290.51
2015-07-17,31029268.18
2015-07-18,31062964.21
2015-07-19,31021253.19
2015-07-20,30947661.45
2015-07-21,30972661.35
2015-07-22,30907185.14
2015-07-23,30910530.05
2015-07-24,30932347.58
2015-07-25,31002442.26
2015-07-26,31007324.8
2015-07-27,31029526.08
2015-07-28,31089235.64
2015-07-29,31064596.75
2015-07-30,31136230.56
2015-07-31,31268106.85
2015-08-01,31387309.13
2015-08-02,31496988.31
2015-08-03,31603157.4
2015-08-04,31644485.4
2015-08-05,31693707.08
2015-08-06,31604726.83
2015-08-07,31689270.82
2015-08-08,31742817.88
2015-08-09,31796831.22
2015-08-10,31864639.98
2015-08-11,31844230.93
2015-08-12,31930586.46
2015-08-13,31930026.9
2015-08-14,31986905.4
2015-08-15,32047620.39
2015-08-16,31985299.43
2015-08-17,32016185.07
2015-08-18,31888642.47
2015-08-19,31911995.81
2015-08-20,31889215.98
2015-08-21,31847736.18
2015-08-22,31851955.8
2015-08-23,31883772.82
2015-08-24,31990092.34
2015-08-25,31859838.92
2015-08-26,31845938.21
2015-08-27,31893279.13
2015-08-28,32022387.89
2015-08-29,32124794.05
2015-08-30,32136322.26
2015-08-31,32214928.25
2015-09-01,32386431.94
2015-09-02,32339132.36
2015-09-03,32301987.39
2015-09-04,32422644.35
2015-09-05,32597953.13
2015-09-06,32697432.96
2015-09-07,32670733.63
2015-09-08,32706068.48
2015-09-09,32749919.75
2015-09-10,32721640.89
2015-09-11,32782396.56
2015-09-12,32807564.32
2015-09-13,32769970.94
2015-09-14,32824074.58
2015-09-15,32818150.32
2015-09-16,32801181.05
2015-09-17,32790356.75
2015-09-18,32732586.44
2015-09-19,32722339.87
2015-09-20,32654647.75
2015-09-21,32566617.64
2015-09-22,32579028.2
2015-09-23,32573935.87
2015-09-24,32580113.63
2015-09-25,32607925.86
2015-09-26,32620193.24
2015-09-27,32663030.47
2015-09-28,32617388.49
2015-09-29,32583859.12
2015-09-30,32549162.89
2015-10-01,32469859.65
2015-10-02,32443298.15
2015-10-03,32669413.81
2015-10-04,32830719.19
2015-10-05,32996992.09
2015-10-06,33060957.92
2015-10-07,33111282.54
2015-10-08,33111703.46
2015-10-09,33178387.09
2015-10-10,33120581.99
2015-10-11,33065137.09
2015-10-12,33109093.52
2015-10-13,33117799.11
2015-10-14,33082327.05
2015-10-15,33035999.41
2015-10-16,33010834.57
2015-10-17,32908946.37
2015-10-18,32826960.59
2015-10-19,32771029.03
2015-10-20,32765700.92
2015-10-21,32762091.62
2015-10-22,32812624.69
2015-10-23,32788996.05
2015-10-24,32803909.13
2015-10-25,32736086.67
2015-10-26,32691143.8
2015-10-27,32662617.38
2015-10-28,32632768.96
2015-10-29,32540019.23
2015-10-30,32506737.0
2015-10-31,32462255.61
2015-11-01,32375820.25
2015-11-02,32236262.85
2015-11-03,32170462.15
2015-11-04,32068410.44
2015-11-05,32053200.76
2015-11-06,31997099.25
2015-11-07,31934430.66
2015-11-08,31882388.92
2015-11-09,31779189.09
2015-11-10,31688197.75
2015-11-11,31581230.69
2015-11-12,31498744.26
2015-11-13,31440028.05
2015-11-14,31369596.11
2015-11-15,31262825.74
2015-11-16,31198437.08
2015-11-17,31119039.63
2015-11-18,31093311.77
2015-11-19,31022758.15
2015-11-20,30946499.36
2015-11-21,30892289.85
2015-11-22,30754176.51
2015-11-23,30688248.23
2015-11-24,30620666.6
2015-11-25,30578025.95
2015-11-26,30406606.69
2015-11-27,30259292.9
2015-11-28,30117159.99
2015-11-29,30109752.55
2015-11-30,29976753.57
2015-12-01,29731177.62
2015-12-02,29550690.04
2015-12-03,29419070.07
2015-12-04,29240545.47
2015-12-05,29035665.22
2015-12-06,28819785.09
2015-12-07,28700705.18
2015-12-08,28528138.71
2015-12-09,28391025.68
2015-12-10,27862446.28
2015-12-11,27604230.51
2015-12-12,27584126.92
2015-12-13,27375517.99
2015-12-14,27241757.64
2015-12-15,26962958.36
2015-12-16,26775379.52
2015-12-17,26401618.49
2015-12-18,26153352.04
2015-12-19,25832561.14
2015-12-20,25385617.43
2015-12-21,25231306.68
2015-12-22,24992211.0
2015-12-23,24852330.52
2015-12-24,24603297.04
2015-12-25,24534278.82
2015-12-26,24390697.35
2015-12-27,24283845.87
2015-12-28,24090239.29
2015-12-29,23892258.96
2015-12-30,23688120.64
2015-12-31,23465408.59
2016-01-01,23412780.87
2016-01-02,23100872.29
2016-01-03,22856318.29
2016-01-04,22578742.09
2016-01-05,22289962.0
2016-01-06,22059690.23
2016-01-07,21850239.87
2016-01-08,21634804.86
2016-01-09,21396958.66
2016-01-10,21184165.93
2016-01-11,21003083.69
2016-01-12,20971983.01
2016-01-13,20705885.0
2016-01-14,20541365.52
2016-01-15,20333913.65
2016-01-16,20176314.02
2016-01-17,19941043.23
2016-01-18,19779897.24
2016-01-19,19629567.92
2016-01-20,19527512.17
2016-01-21,19251879.34
2016-01-22,19060325.21
2016-01-23,19010653.1
2016-01-24,18807441.29
2016-01-25,18720443.04
2016-01-26,18578686.41
2016-01-27,18498934.13
2016-01-28,18478341.49
2016-01-29,18343995.93
2016-01-30,18318152.72
2016-01-31,18265431.19
2016-02-01,18232802.81
2016-02-02,18136175.12
2016-02-03,18080516.68
2016-02-04,17994225.36
2016-02-05,17912992.93
2016-02-06,17770318.27
2016-02-07,17763072.25
2016-02-08,17772006.44
2016-02-09,17697362.14
2016-02-10,17598529.95
2016-02-11,17532825.96
2016-02-12,17515007.91
2016-02-13,17493317.23
2016-02-14,17445925.23
2016-02-15,17375236.54
2016-02-16,17350386.29
2016-02-17,17365920.47
2016-02-18,17325770.52
2016-02-19,17265395.4
2016-02-20,17234617.2
2016-02-21,17249676.51
2016-02-22,17177046.23
2016-02-23,17170808.63
2016-02-24,17127067.88
2016-02-25,17190489.36
2016-02-26,17161020.07
2016-02-27,17312354.59
2016-02-28,17331221.65
2016-02-29,17277649.39
2016-03-01,17388605.67
2016-03-02,17259793.32
2016-03-03,17287768.95
2016-03-04,17299795.88
2016-03-05,17274396.05
2016-03-06,17242610.05
2016-03-07,17263569.08
2016-03-08,17303716.39
2016-03-09,17345123.0
2016-03-10,17401579.78
2016-03-11,17455733.92
2016-03-12,17531202.7
2016-03-13,17570134.14
2016-03-14,17626850.06
2016-03-15,17654943.65
2016-03-16,17720055.48
2016-03-17,17777846.69
2016-03-18,17896317.96
2016-03-19,18013034.34
2016-03-20,18073440.53
2016-03-21,18143826.5
2016-03-22,18285850.32
2016-03-23,18404265.89
2016-03-24,18545750.63
2016-03-25,18675343.32
2016-03-26,18794765.67
2016-03-27,18789456.41
2016-03-28,18894051.56
2016-03-29,19032391.9
2016-03-30,19165391.09
2016-03-31,19344659.96
2016-04-01,19458364.14
2016-04-02,19551064.51
2016-04-03,19672389.26
2016-04-04,19750247.7
2016-04-05,19815595.7
2016-04-06,19876424.61
2016-04-07,20062690.31
2016-04-08,20118063.32
2016-04-09,20239578.52
2016-04-10,20287583.37
2016-04-11,20371913.78
2016-04-12,20475117.99
2016-04-13,20556931.37
2016-04-14,20602610.86
2016-04-15,20704954.04
2016-04-16,20787615.29
2016-04-17,20820663.73
2016-04-18,20917132.6
2016-04-19,21123915.19
2016-04-20,21229788.21
2016-04-21,21340968.43
2016-04-22,24364652.21
2016-04-23,21571581.18
2016-04-24,21705644.08
2016-04-25,21795040.0
2016-04-26,21837531.17
2016-04-27,21963345.7
2016-04-28,22033727.89
2016-04-29,22246092.21
2016-04-30,22285957.19
2016-05-01,22476350.28
2016-05-02,22504240.79
2016-05-03,22649710.59
2016-05-04,22680121.25
2016-05-05,22708206.7
2016-05-06,22813749.45
2016-05-07,22866368.82
2016-05-08,22975216.77
2016-05-09,23058234.2
2016-05-10,23199144.77
2016-05-11,23265678.16
2016-05-12,23363301.55
2016-05-13,23482015.58
2016-05-14,23537246.99
2016-05-15,23644620.5
2016-05-16,23702138.29
2016-05-17,23758386.54
2016-05-18,23835361.6
2016-05-19,23951240.34
2016-05-20,24074073.61
2016-05-21,24204365.17
2016-05-22,24342146.13
2016-05-23,24462386.44
2016-05-24,24499712.97
2016-05-25,24553113.04
2016-05-26,24757806.57
2016-05-27,24860761.71
2016-05-28,24997614.09
2016-05-29,25017512.27
2016-05-30,25055883.19
2016-05-31,25164196.94
2016-06-01,25124257.92
2016-06-02,25223805.12
2016-06-03,25318819.22
2016-06-04,25306059.97
2016-06-05,25309939.27
2016-06-06,25386424.33
2016-06-07,25541442.0
2016-06-08,25704872.54
2016-06-09,25887247.8
2016-06-10,26008201.47
2016-06-11,26146784.77
2016-06-12,26411968.61
2016-06-13,26513053.6
2016-06-14,26669993.93
2016-06-15,26764920.73
2016-06-16,26880495.76
2016-06-17,27007269.32
2016-06-18,27155051.93
2016-06-19,27303380.88
2016-06-20,27484166.36
2016-06-21,27567342.27
2016-06-22,27651646.07
2016-06-23,27763821.8
2016-06-24,27808618.49
2016-06-25,27954081.97
2016-06-26,28105224.39
2016-06-27,28200863.66
2016-06-28,28275867.61
2016-06-29,28404906.88
2016-06-30,28416033.7
2016-07-01,28495100.32
2016-07-02,28587321.0
2016-07-03,28669344.17
2016-07-04,28808026.32
2016-07-05,28870702.3
2016-07-06,28973336.81
2016-07-07,29135314.52
2016-07-08,29235980.89
2016-07-09,29199975.89
2016-07-10,29279863.77
2016-07-11,29386496.05
2016-07-12,29535944.75
2016-07-13,29786858.96
2016-07-14,29862665.01
2016-07-15,29902234.15
2016-07-16,29969367.0
2016-07-17,30040004.53
2016-07-18,30147668.53
2016-07-19,30245641.06
2016-07-20,30307826.35
2016-07-21,30313345.56
2016-07-22,30411914.54
2016-07-23,30460619.72
2016-07-24,30540228.25
2016-07-25,30582561.32
2016-07-26,30563995.89
2016-07-27,30607307.94
2016-07-28,30667778.67
2016-07-29,30813445.56
2016-07-30,30895834.18
2016-07-31,30958975.97
2016-08-01,31016806.84
2016-08-02,31023194.82
2016-08-03,31062700.42
2016-08-04,31097557.17
2016-08-05,31237208.57
2016-08-06,31267279.44
2016-08-07,31268359.74
2016-08-08,31323531.22
2016-08-09,31338905.59
2016-08-10,31349614.38
2016-08-11,31371177.7
2016-08-12,31381122.45
2016-08-13,31484925.27
2016-08-14,31598849.7
2016-08-15,31800446.9
2016-08-16,31854435.27
2016-08-17,31894960.63
2016-08-18,32003034.91
2016-08-19,32063050.32
2016-08-20,32167487.96
2016-08-21,32231702.28
2016-08-22,32294725.26
2016-08-23,32403427.12
2016-08-24,32413982.18
2016-08-25,32513848.85
2016-08-26,32503939.66
2016-08-27,32575666.99
2016-08-28,32658204.19
2016-08-29,32634464.61
2016-08-30,32517720.49
2016-08-31,32619235.53
2016-09-01,32771276.15
2016-09-02,32855108.1
2016-09-03,32887905.33
2016-09-04,32955459.43
2016-09-05,32929104.42
2016-09-06,32804396.13
2016-09-07,32781994.73
2016-09-08,32660936.49
2016-09-09,32599198.04
2016-09-10,32650003.96
2016-09-11,32685509.14
2016-09-12,32815824.96
2016-09-13,32748825.21
2016-09-14,32779438.71
2016-09-15,32763027.06
2016-09-16,32684380.44
2016-09-17,32601841.89
2016-09-18,32465686.13
2016-09-19,32326383.65
2016-09-20,32216592.89
2016-09-21,32211520.2
2016-09-22,32214673.2
2016-09-23,32235383.95
2016-09-24,32332174.91
2016-09-25,32362168.91
2016-09-26,32290310.15
2016-09-27,32277805.11
2016-09-28,32325676.25
2016-09-29,32367080.21
2016-09-30,32324618.63
2016-10-01,32302816.84
2016-10-02,32309143.69
2016-10-03,32327196.97
2016-10-04,32358574.07
2016-10-05,32343086.14
2016-10-06,32355923.7
2016-10-07,32371543.14
2016-10-08,32369703.01
2016-10-09,32323517.9
2016-10-10,32367793.98
2016-10-11,32414660.73
2016-10-12,32380540.4
2016-10-13,32292310.09
2016-10-14,32227426.26
2016-10-15,32219704.91
2016-10-16,32262835.31
2016-10-17,32221750.19
2016-10-18,32191592.23
2016-10-19,32125831.95
2016-10-20,32133313.09
2016-10-21,32086625.31
2016-10-22,32051407.5
2016-10-23,31918167.57
2016-10-24,31811200.38
2016-10-25,31759885.54
2016-10-26,31672860.91
2016-10-27,31621392.29
2016-10-28,31585421.49
2016-10-29,31507406.86
2016-10-30,31401249.19
2016-10-31,31246492.59
2016-11-01,31196552.61
2016-11-02,31156599.25
2016-11-03,31117264.12
2016-11-04,31021906.98
2016-11-05,30963569.48
2016-11-06,30833008.42
2016-11-07,30833053.55
2016-11-08,30795493.15
2016-11-09,30780763.96
2016-11-10,30767305.99
2016-11-11,30538922.17
2016-11-12,30471376.02
2016-11-13,30295318.56
2016-11-14,30168141.26
2016-11-15,30036470.9
2016-11-16,29807763.28
2016-11-17,29625538.14
2016-11-18,29467481.92
2016-11-19,29139268.12
2016-11-20,28926292.27
2016-11-21,28732337.61
2016-11-22,28492179.22
2016-11-23,28292080.49
2016-11-24,28178837.68
2016-11-25,28120393.96
2016-11-26,27887534.5
2016-11-27,27698182.93
2016-11-28,27566502.11
2016-11-29,27445855.01
2016-11-30,27326462.58
2016-12-01,27173298.23
2016-12-02,27084274.22
2016-12-03,26894179.16
2016-12-04,26721995.02
2016-12-05,26585583.27
2016-12-06,26300770.98
2016-12-07,26181705.91
2016-12-08,25984704.63
2016-12-09,25806639.03
2016-12-10,25480549.6
2016-12-11,25309439.97
2016-12-12,25141530.71
2016-12-13,25033116.52
2016-12-14,24776652.77
2016-12-15,24455481.16
2016-12-16,24334864.4
2016-12-17,23882702.23
2016-12-18,23630391.08
2016-12-19,23212638.37
2016-12-20,22967121.85
2016-12-21,22740596.53
2016-12-22,22535958.73
2016-12-23,22378963.73
2016-12-24,22194235.36
2016-12-25,22014291.21
2016-12-26,21814100.27
2016-12-27,21683238.9
2016-12-28,21559925.37
2016-12-29,21518950.02
2016-12-30,21134003.53
2016-12-31,20910997.73
2017-01-01,20747900.59
2017-01-02,20654327.28
2017-01-03,20543072.68
2017-01-04,20450750.59
2017-01-05,20336955.65
2017-01-06,20219260.45
2017-01-07,20087569.89
2017-01-08,19910886.4
2017-01-09,19802648.75
2017-01-10,19692241.36
2017-01-11,19587487.98
2017-01-12,19520185.87
2017-01-13,19447136.47
2017-01-14,19391871.31
2017-01-15,19297415.07
2017-01-16,19173231.7
2017-01-17,18985329.24
2017-01-18,18808658.77
2017-01-19,18598705.86
2017-01-20,18469803.66
2017-01-21,18265148.13
2017-01-22,18120724.73
2017-01-23,18000854.46
2017-01-24,17899542.63
2017-01-25,17831175.39
2017-01-26,17714788.34
2017-01-27,17678541.33
2017-01-28,17623774.81
2017-01-29,17424076.88
2017-01-30,17397367.78
2017-01-31,17300274.96
2017-02-01,17237201.5
2017-02-02,17195027.83
2017-02-03,17122522.47
2017-02-04,16986704.02
2017-02-05,16924651.95
2017-02-06,16921062.56
2017-02-07,16947360.12
2017-02-08,16854467.2
2017-02-09,16806795.19
2017-02-10,16802258.51
2017-02-11,16793344.36
2017-02-12,16790450.09
2017-02-13,16765495.86
2017-02-14,16788557.21
2017-02-15,16731231.85
2017-02-16,16673381.15
2017-02-17,16606013.5
2017-02-18,16634889.3
2017-02-19,16640137.6
2017-02-20,16615057.11
2017-02-21,16648742.66
2017-02-22,16644405.9
2017-02-23,16663011.51
2017-02-24,16653613.48
2017-02-25,16601813.74
2017-02-26,16605346.62
2017-02-27,16612648.26
2017-02-28,16619837.44
2017-03-01,16592942.43
2017-03-02,16571436.72
2017-03-03,16566101.59
2017-03-04,16562721.7
2017-03-05,16560583.92
2017-03-06,16553066.69
2017-03-07,16556984.99
2017-03-08,16550585.51
2017-03-09,16568046.78
2017-03-10,16551430.44
2017-03-11,16572984.16
2017-03-12,16560881.66
2017-03-13,16592119.75
2017-03-14,16627500.65
2017-03-15,16700172.82
2017-03-16,16746723.43
2017-03-17,16813272.53
2017-03-18,16863544.37
2017-03-19,16992434.76
2017-03-20,17026945.57
2017-03-21,17027089.98
2017-03-22,17090379.95
2017-03-23,17147645.13
2017-03-24,17205770.98
2017-03-25,17248064.3
2017-03-26,17321824.8
2017-03-27,17366768.58
2017-03-28,17396731.91
2017-03-29,17400378.43
2017-03-30,17448505.8
2017-03-31,17546383.33
2017-04-01,17564509.3
2017-04-02,17607464.39
2017-04-03,17710601.49
2017-04-04,17772802.78
2017-04-05,17824416.33
2017-04-06,17925699.06
2017-04-07,18033375.21
2017-04-08,18116800.85
2017-04-09,18177319.98
2017-04-10,18384893.46
2017-04-11,18545948.18
2017-04-12,18629761.78
2017-04-13,18715413.31
2017-04-14,18792344.22
2017-04-15,18910478.0
2017-04-16,19025735.27
2017-04-17,19130514.31
2017-04-18,19211751.22
2017-04-19,19324188.92
2017-04-20,19456579.68
2017-04-21,19555587.07
2017-04-22,19701550.89
2017-04-23,19776354.8
2017-04-24,19877572.74
2017-04-25,19961253.6
2017-04-26,20119841.63
2017-04-27,20273582.55
2017-04-28,20445902.47
2017-04-29,20539779.56
2017-04-30,20644698.65
2017-05-01,20778911.71
2017-05-02,20866351.72
2017-05-03,21021183.74
2017-05-04,21141413.4
2017-05-05,21197529.02
2017-05-06,21311368.92
2017-05-07,21408182.41
2017-05-08,21519369.04
2017-05-09,21675956.7
2017-05-10,21786406.26
2017-05-11,21845412.57
2017-05-12,21968242.61
2017-05-13,22082628.78
2017-05-14,22225589.83
2017-05-15,22338763.52
2017-05-16,22442193.91
2017-05-17,22604547.33
2017-05-18,22737909.73
2017-05-19,22860976.91
2017-05-20,22994537.67
2017-05-21,23178425.07
2017-05-22,23309475.02
2017-05-23,23415338.01
2017-05-24,23540007.61
2017-05-25,23698542.2
2017-05-26,23803650.65
2017-05-27,23880301.89
2017-05-28,23875472.11
2017-05-29,23948516.63
2017-05-30,24078655.09
2017-05-31,24177997.36
2017-06-01,24238842.83
2017-06-02,24339136.37
2017-06-03,24435791.76
2017-06-04,24599737.8
2017-06-05,24663339.77
2017-06-06,24854841.61
2017-06-07,24978764.28
2017-06-08,25071737.78
2017-06-09,25180934.86
2017-06-10,25398358.14
2017-06-11,25575237.26
2017-06-12,25763099.67
2017-06-13,25881417.32
2017-06-14,26009715.3
2017-06-15,26145746.71
2017-06-16,26275664.59
2017-06-17,26363540.45
2017-06-18,26387063.99
2017-06-19,26403885.58
2017-06-20,26480663.43
2017-06-21,26654569.07
2017-06-22,26857359.21
2017-06-23,26915693.61
2017-06-24,27016797.8
2017-06-25,27053991.67
2017-06-26,27122460.19
2017-06-27,27201147.48
2017-06-28,27282505.26
2017-06-29,27349180.22
2017-06-30,27549890.85
2017-07-01,27634823.17
2017-07-02,27651498.23
2017-07-03,27665224.88
2017-07-04,27773177.18
2017-07-05,27864850.35
2017-07-06,27981561.41
2017-07-07,28030891.64
2017-07-08,28156415.91
2017-07-09,28437441.59
2017-07-10,28439632.9
2017-07-11,28468935.18
2017-07-12,28611008.03
2017-07-13,28723295.57
2017-07-14,28840779.89
2017-07-15,28876771.4
2017-07-16,28916925.27
2017-07-17,29003573.53
2017-07-18,29077760.13
2017-07-19,29175441.88
2017-07-20,29246039.99
2017-07-21,29321668.62
2017-07-22,29384604.46
2017-07-23,29381254.17
2017-07-24,29472590.53
2017-07-25,29711079.12
2017-07-26,29862998.47
2017-07-27,30024249.46
2017-07-28,30123158.22
2017-07-29,30201764.3
2017-07-30,30258588.05
2017-07-31,30320939.14
2017-08-01,30425576.75
2017-08-02,30595328.44
2017-08-03,30691976.69
2017-08-04,30816971.61
2017-08-05,30970261.77
2017-08-06,30908518.46
2017-08-07,30828638.47
2017-08-08,30771889.07
2017-08-09,30665946.64
2017-08-10,30687605.59
2017-08-11,30724081.59
2017-08-12,30905228.23
2017-08-13,31038625.29
2017-08-14,31079737.2
2017-08-15,31055378.12
2017-08-16,31156325.22
2017-08-17,31249878.12
2017-08-18,31272702.57
2017-08-19,31260140.71
2017-08-20,31285713.47
2017-08-21,31409172.64
2017-08-22,31452023.05
2017-08-23,31474717.52
2017-08-24,31555262.59
2017-08-25,31537595.4
2017-08-26,31579173.11
2017-08-27,31705906.53
2017-08-28,31823716.6
2017-08-29,31956251.85
2017-08-30,32013406.96
2017-08-31,31999922.32
2017-09-01,32074593.89
2017-09-02,32014403.38
2017-09-03,31924756.01
2017-09-04,31890806.96
2017-09-05,31915306.22
2017-09-06,31967071.43
2017-09-07,31940256.66
2017-09-08,31905741.41
2017-09-09,31879731.41
2017-09-10,31913020.8
2017-09-11,32112866.16
2017-09-12,32208875.06
2017-09-13,32175972.5
2017-09-14,32174073.25
2017-09-15,32274287.95
2017-09-16,32351671.08
2017-09-17,32382178.47
2017-09-18,32421836.08
2017-09-19,32518064.64
2017-09-20,32387018.35
2017-09-21,32319952.23
2017-09-22,32301329.9
2017-09-23,32300560.32
2017-09-24,32229019.57
2017-09-25,32199136.47
2017-09-26,32167375.49
2017-09-27,32136857.88
2017-09-28,32122879.7
2017-09-29,32134466.43
2017-09-30,32061923.76
2017-10-01,31980227.38
2017-10-02,32036185.56
2017-10-03,32064994.74
2017-10-04,31978278.12
2017-10-05,34549006.87
2017-10-06,32142875.71
2017-10-07,32126559.6
2017-10-08,32109967.91
2017-10-09,32144617.77
2017-10-10,32273393.24
2017-10-11,32385524.68
2017-10-12,32336456.26
2017-10-13,32388141.28
2017-10-14,32356793.73
2017-10-15,32364962.42
2017-10-16,32397934.25
2017-10-17,32361150.56
2017-10-18,32314200.33
2017-10-19,32253011.71
2017-10-20,32236456.77
2017-10-21,32175413.15
2017-10-22,32119678.52
2017-10-23,32054200.25
2017-10-24,31982875.83
2017-10-25,32027835.02
2017-10-26,31984261.58
2017-10-27,31919004.97
2017-10-28,31879198.11
2017-10-29,31874820.31
2017-10-30,31865595.61
2017-10-31,31844794.03
2017-11-01,31885450.84
2017-11-02,31841013.63
2017-11-03,31767198.07
2017-11-04,31722363.08
2017-11-05,31605521.51
2017-11-06,31517281.25
2017-11-07,31497894.08
2017-11-08,31442468.82
2017-11-09,31349327.75
2017-11-10,31289006.25
2017-11-11,31145929.29
2017-11-12,31105366.47
2017-11-13,31016874.4
2017-11-14,30808248.45
2017-11-15,30648331.79
2017-11-16,30475362.0
2017-11-17,30360552.57
2017-11-18,30168053.82
2017-11-19,30034220.01
2017-11-20,29813085.79
2017-11-21,29672842.61
2017-11-22,29553213.87
2017-11-23,29413435.41
2017-11-24,29231072.67
2017-11-25,29018338.77
2017-11-26,28839875.44
2017-11-27,28718014.03
2017-11-28,28549507.4
2017-11-29,28333732.14
2017-11-30,28157577.25
2017-12-01,28035371.18
2017-12-02,34586458.27
2017-12-03,27758767.08
2017-12-04,27639427.31
2017-12-05,27532926.84
2017-12-06,27310849.67
2017-12-07,27210132.73
2017-12-08,26997154.47
2017-12-09,26796959.45
2017-12-10,26671835.03
2017-12-11,26509894.86
2017-12-12,26366777.13
2017-12-13,26166294.87
2017-12-14,25966643.91
2017-12-15,25739644.51
2017-12-16,25541542.92
2017-12-17,25257752.98
2017-12-18,25053390.14
2017-12-19,24854288.23
2017-12-20,24596881.1
2017-12-21,24369265.5
2017-12-22,24032177.55
2017-12-23,23818586.9
2017-12-24,23562629.32
2017-12-25,23343726.2
2017-12-26,23176424.61
2017-12-27,23010574.29
2017-12-28,22765149.95
2017-12-29,22495926.16
2017-12-30,22284120.87
2017-12-31,22100695.35
2018-01-01,21960780.37
2018-01-02,21866524.6
2018-01-03,21602181.99
2018-01-04,21506024.7
2018-01-05,21277307.1
2018-01-06,21155984.77
2018-01-07,21049993.16
2018-01-08,20873822.2
2018-01-09,20767642.57
2018-01-10,20625758.45
2018-01-11,20445684.44
2018-01-12,20265129.2
2018-01-13,20155616.34
2018-01-14,19981639.2
2018-01-15,19781642.44
2018-01-16,19619078.22
2018-01-17,19385065.21
2018-01-18,19208948.34
2018-01-19,19054124.14
2018-01-20,18916983.72
2018-01-21,18737957.44
2018-01-22,18596713.08
2018-01-23,18561329.24
2018-01-24,18508198.02
2018-01-25,18391617.84
2018-01-26,18309105.69
2018-01-27,18164209.2
2018-01-28,18054991.02
2018-01-29,17977361.32
2018-01-30,17874622.39
2018-01-31,17729448.99
2018-02-01,17653339.92
2018-02-02,17647648.72
2018-02-03,17601425.09
2018-02-04,17508362.24
2018-02-05,17389126.57
2018-02-06,17332321.31
2018-02-07,17293238.21
2018-02-08,17227098.56
2018-02-09,17177191.63
2018-02-10,17088922.02
2018-02-11,17028285.93
2018-02-12,17000696.63
2018-02-13,16960340.56
2018-02-14,16892575.4
2018-02-15,16887359.1
2018-02-16,16873885.51
2018-02-17,16920161.26
2018-02-18,16890390.66
2018-02-19,16838369.49
2018-02-20,16769207.99
2018-02-21,16761680.82
2018-02-22,16772577.66
2018-02-23,16751029.52
2018-02-24,16754099.72
2018-02-25,16719388.58
2018-02-26,16720191.86
2018-02-27,16733346.54
2018-02-28,16700077.72
2018-03-01,16692559.39
2018-03-02,16759319.19
2018-03-03,16765371.8
2018-03-04,16743500.11
2018-03-05,16769257.64
2018-03-06,16840061.32
2018-03-07,16884077.6
2018-03-08,16907534.32
2018-03-09,16945160.58
2018-03-10,16951180.07
2018-03-11,17022367.39
2018-03-12,17098124.32
2018-03-13,17145520.83
2018-03-14,17189921.93
2018-03-15,17282956.72
2018-03-16,17357118.33
2018-03-17,17538239.74
2018-03-18,17571152.41
2018-03-19,17727017.02
2018-03-20,17793100.8
2018-03-21,17791467.44
2018-03-22,17862447.17
2018-03-23,17951630.72
2018-03-24,18038025.45
2018-03-25,18120737.76
2018-03-26,18204659.07
2018-03-27,18273893.49
2018-03-28,18385248.09
2018-03-29,18500508.09
2018-03-30,18663907.89
2018-03-31,18746847.87
2018-04-01,18810496.15
2018-04-02,18993057.19
2018-04-03,19008650.29
2018-04-04,19079865.61
2018-04-05,19110207.88
2018-04-06,19201405.75
2018-04-07,19212630.82
2018-04-08,19292327.83
2018-04-09,19361479.71
2018-04-10,19381722.53
2018-04-11,19384980.53
2018-04-12,19434681.16
2018-04-13,19571848.37
2018-04-14,19653705.08
2018-04-15,19752909.61
2018-04-16,19907805.82
2018-04-17,19947914.36
2018-04-18,19977255.71
2018-04-19,19989298.75
2018-04-20,20033568.59
2018-04-21,20145894.74
2018-04-22,20241232.33
2018-04-23,20385106.52
2018-04-24,20461670.34
2018-04-25,20484860.62
2018-04-26,20514345.73
2018-04-27,20561147.25
2018-04-28,20657418.23
2018-04-29,20759705.55
2018-04-30,20875689.19
2018-05-01,20933305.79
2018-05-02,20961627.23
2018-05-03,21010374.58
2018-05-04,21168659.4
2018-05-05,21263712.68
2018-05-06,21380602.88
2018-05-07,21503689.41
2018-05-08,21645428.72
2018-05-09,21729268.77
2018-05-10,21849649.84
2018-05-11,22041170.73
2018-05-12,22314479.09
2018-05-13,22407776.29
2018-05-14,22539100.88
2018-05-15,22591087.38
2018-05-16,22652792.31
2018-05-17,22809618.6
2018-05-18,22938137.76
2018-05-19,23169670.59
2018-05-20,23352522.53
2018-05-21,23424742.01
2018-05-22,23546474.79
2018-05-23,23674482.31
2018-05-24,23745934.98
2018-05-25,23916941.97
2018-05-26,24075136.49
2018-05-27,24214615.61
2018-05-28,24447295.05
2018-05-29,24519857.99
2018-05-30,24491863.23
2018-05-31,24524263.87
2018-06-01,24598566.54
2018-06-02,24719729.15
2018-06-03,24889050.06
2018-06-04,25043323.39
2018-06-05,25085543.04
2018-06-06,25188929.93
2018-06-07,25340232.04
2018-06-08,25470532.55
2018-06-09,25551935.33
2018-06-10,25682562.07
2018-06-11,25826025.55
2018-06-12,25853741.71
2018-06-13,25964021.05
2018-06-14,26178107.43
2018-06-15,26301116.18
2018-06-16,26394507.7
2018-06-17,26577014.22
2018-06-18,26784059.78
2018-06-19,26936499.89
2018-06-20,26991290.24
2018-06-21,27141697.8
2018-06-22,27269227.89
2018-06-23,27321926.46
2018-06-24,27302002.07
2018-06-25,27376561.27
2018-06-26,27560553.83
2018-06-27,27705740.73
2018-06-28,27799453.4
2018-06-29,27928553.42
2018-06-30,28039020.08
2018-07-01,28091542.23
2018-07-02,28246921.85
2018-07-03,28355924.93
2018-07-04,28434651.22
2018-07-05,28554958.56
2018-07-06,28667684.23
2018-07-07,28766562.14
2018-07-08,28910002.27
2018-07-09,28953386.06
2018-07-10,29028931.42
2018-07-11,29157245.43
2018-07-12,29242901.45
2018-07-13,29273724.21
2018-07-14,29326039.69
2018-07-15,29443091.13
2018-07-16,29593271.37
2018-07-17,29623857.81
2018-07-18,29662572.6
2018-07-19,29786043.36
2018-07-20,29850789.74
2018-07-21,29864711.92
2018-07-22,29914522.5
2018-07-23,29924133.52
2018-07-24,30039301.82
2018-07-25,30072458.67
2018-07-26,30138579.2
2018-07-27,30253630.53
2018-07-28,30296282.12
2018-07-29,30461189.86
2018-07-30,30507691.65
2018-07-31,30526678.78
2018-08-01,30580850.91
2018-08-02,30631072.38
2018-08-03,30730858.95
2018-08-04,30776289.65
2018-08-05,30876629.3
2018-08-06,31010594.01
2018-08-07,31089111.76
2018-08-08,31154377.18
2018-08-09,31290502.79
2018-08-10,31324382.6
2018-08-11,31239314.99
2018-08-12,31208311.76
2018-08-13,31277862.43
2018-08-14,31401534.18
2018-08-15,31442233.36
2018-08-16,31379871.77
2018-08-17,31327723.15
2018-08-18,31363115.37
2018-08-19,31394731.73
2018-08-20,31505230.12
2018-08-21,31596117.84
2018-08-22,31618538.23
2018-08-23,31715231.25
2018-08-24,31813693.43
2018-08-25,31934086.27
2018-08-26,31851640.11
2018-08-27,31850775.84
2018-08-28,31877775.08
2018-08-29,31942152.82
2018-08-30,32058994.94
2018-08-31,32047833.47
2018-09-01,32185382.59
2018-09-02,32219913.96
2018-09-03,32124358.39
2018-09-04,32069550.51
2018-09-05,32103224.39
2018-09-06,32149676.24
2018-09-07,32060595.74
2018-09-08,32069324.53
2018-09-09,32139975.93
2018-09-10,32152503.85
2018-09-11,32111556.01
2018-09-12,32114071.23
2018-09-13,32020799.37
2018-09-14,32062080.54
2018-09-15,32032755.74
2018-09-16,32067994.88
2018-09-17,31954917.25
2018-09-18,31959355.54
2018-09-19,31919168.17
2018-09-20,31947650.19
2018-09-21,31925669.98
2018-09-22,32090933.46
2018-09-23,32138158.54
2018-09-24,32207588.57
2018-09-25,32252159.87
2018-09-26,32375674.14
2018-09-27,32456698.52
2018-09-28,32487341.26
2018-09-29,32454142.67
2018-09-30,32444463.86
2018-10-01,32382153.6
2018-10-02,32366666.83
2018-10-03,32418203.7
2018-10-04,32441958.58
2018-10-05,32424156.75
2018-10-06,32513583.61
2018-10-07,32529330.75
2018-10-08,32506971.48
2018-10-09,32420474.87
2018-10-10,32381859.98
2018-10-11,32362641.81
2018-10-12,32371698.7
2018-10-13,32348250.11
2018-10-14,32343703.65
2018-10-15,32296216.18
2018-10-16,32274508.17
2018-10-17,32284099.64
2018-10-18,32317777.52
2018-10-19,32312838.59
2018-10-20,32289179.99
2018-10-21,32249318.21
2018-10-22,32225914.87
2018-10-23,32189300.7
2018-10-24,32160897.76
2018-10-25,32094132.08
2018-10-26,32043480.33
2018-10-27,31897852.68
2018-10-28,31768162.12
2018-10-29,31691527.88
2018-10-30,31610169.06
2018-10-31,31567955.05
2018-11-01,31523778.43
2018-11-02,31438384.79
2018-11-03,31428378.48
2018-11-04,31384884.4
2018-11-05,31305289.5
2018-11-06,31267260.35
2018-11-07,31132920.96
2018-11-08,31102752.84
2018-11-09,31008114.13
2018-11-10,30914711.46
2018-11-11,30829852.67
2018-11-12,30670197.73
2018-11-13,30479351.62
2018-11-14,30423292.06
2018-11-15,30381155.84
2018-11-16,30343650.48
2018-11-17,30224917.66
2018-11-18,30073162.74
2018-11-19,29930181.74
2018-11-20,29801795.73
2018-11-21,29670391.88
2018-11-22,29494902.3
2018-11-23,29420686.2
2018-11-24,29253690.64
2018-11-25,29209933.0
2018-11-26,29019984.85
2018-11-27,28943587.49
2018-11-28,28729678.46
2018-11-29,28597347.95
2018-11-30,28483235.25
2018-12-01,28429269.19
2018-12-02,28243468.46
2018-12-03,28122782.58
2018-12-04,28050435.76
2018-12-05,27813384.23
2018-12-06,27673912.08
2018-12-07,27496182.7
2018-12-08,27368408.62
2018-12-09,27210831.22
2018-12-10,27088932.09
2018-12-11,26949673.24
2018-12-12,26666008.39
2018-12-13,26473804.98
2018-12-14,26305600.04
2018-12-15,26147307.92
2018-12-16,25725702.16
2018-12-17,25499307.75
2018-12-18,25197572.38
2018-12-19,24987019.49
2018-12-20,24673268.49
2018-12-21,24356339.03
2018-12-22,24118287.21
2018-12-23,25194039.32
2018-12-24,23603147.52
2018-12-25,23222909.8
2018-12-26,22941657.19
2018-12-27,22737144.61
2018-12-28,22333553.02
2018-12-29,22044905.41
2018-12-30,21643741.28
2018-12-31,21353661.44
2019-01-01,21044336.12
2019-01-02,20810590.19
2019-01-03,20608219.3
2019-01-04,20453108.75
2019-01-05,20380508.12
2019-01-06,20233523.31
2019-01-07,20028981.03
2019-01-08,19781489.6
2019-01-09,19638210.27
2019-01-10,19490458.72
2019-01-11,19522671.07
2019-01-12,19284539.72
2019-01-13,19156417.04
2019-01-14,19020357.94
2019-01-15,18834047.86
2019-01-16,18733970.12
2019-01-17,18635793.08
2019-01-18,18541417.07
2019-01-19,18547594.22
2019-01-20,18339287.19
2019-01-21,18250590.64
2019-01-22,18168209.54
2019-01-23,18145748.49
2019-01-24,18097317.14
2019-01-25,18006304.61
2019-01-26,17920548.3
2019-01-27,17876904.53
2019-01-28,17799092.57
2019-01-29,17702140.0
2019-01-30,17658835.33
2019-01-31,17648847.83
2019-02-01,17611853.95
2019-02-02,17543742.23
2019-02-03,17490031.46
2019-02-04,17430806.08
2019-02-05,17452091.08
2019-02-06,17380756.38
2019-02-07,17360088.41
2019-02-08,17331822.85
2019-02-09,17356960.86
2019-02-10,17270658.55
2019-02-11,17246075.45
2019-02-12,17231893.37
2019-02-13,17245984.88
2019-02-14,17251967.57
2019-02-15,17215819.86
2019-02-16,17191358.14
2019-02-17,17201076.17
2019-02-18,17134272.17
2019-02-19,17034447.62
2019-02-20,17034140.65
2019-02-21,16999226.73
2019-02-22,16968558.27
2019-02-23,16971618.41
2019-02-24,16995713.31
2019-02-25,16954384.4
2019-02-26,16906989.64
2019-02-27,16890250.75
2019-02-28,16849693.86
2019-03-01,16847412.57
2019-03-02,16863136.56
2019-03-03,16821848.17
2019-03-04,16853376.96
2019-03-05,16881542.65
2019-03-06,16902464.33
2019-03-07,16869561.93
2019-03-08,16909607.67
2019-03-09,16946836.32
2019-03-10,16938584.18
2019-03-11,16959130.09
2019-03-12,16987585.88
2019-03-13,17027044.16
2019-03-14,17051970.68
2019-03-15,17060257.2
2019-03-16,17118771.1
2019-03-17,17159797.99
2019-03-18,17221578.43
2019-03-19,17254729.97
2019-03-20,17321135.12
2019-03-21,17346918.4
2019-03-22,17344208.93
2019-03-23,17385663.71
2019-03-24,17456911.39
2019-03-25,17527712.87
2019-03-26,17578353.58
2019-03-27,17683941.38
2019-03-28,17757623.08
2019-03-29,17934443.35
2019-03-30,17914118.14
2019-03-31,17957267.64
2019-04-01,18038779.15
2019-04-02,18230926.22
2019-04-03,18197567.04
2019-04-04,18260927.89
2019-04-05,18343570.71
2019-04-06,18408309.13
2019-04-07,18510594.44
2019-04-08,18561892.87
2019-04-09,18693316.6
2019-04-10,18768180.23
2019-04-11,18851474.43
2019-04-12,19005567.15
2019-04-13,19196655.95
2019-04-14,19181435.29
2019-04-15,19258332.64
2019-04-16,19336674.29
2019-04-17,19448037.71
2019-04-18,19540632.7
2019-04-19,19682920.72
2019-04-20,19769881.46
2019-04-21,19869681.49
2019-04-22,19955958.83
2019-04-23,20102188.84
2019-04-24,20208909.93
2019-04-25,20233805.27
2019-04-26,20310408.32
2019-04-27,20372450.52
2019-04-28,20389895.34
2019-04-29,20528694.7
2019-04-30,20638971.67
2019-05-01,20754017.63
2019-05-02,20847077.23
2019-05-03,20905495.67
2019-05-04,20989301.14
2019-05-05,21057100.71
2019-05-06,21171066.1
2019-05-07,21271856.32
2019-05-08,21395901.36
2019-05-09,21468573.82
2019-05-10,21644933.92
2019-05-11,21864674.45
2019-05-12,21894559.27
2019-05-13,21930167.96
2019-05-14,22090325.24
2019-05-15,22178749.91
2019-05-16,22297103.63
2019-05-17,22418666.46
2019-05-18,22568877.93
2019-05-19,22670773.56
2019-05-20,22762017.69
2019-05-21,22855424.23
2019-05-22,22946271.75
2019-05-23,23053895.63
2019-05-24,23220786.65
2019-05-25,23361275.21
2019-05-26,23457651.14
2019-05-27,23578335.44
2019-05-28,23791919.75
2019-05-29,23898942.9
2019-05-30,24083789.92
2019-05-31,24152822.74
2019-06-01,24149806.31
2019-06-02,24244627.7
2019-06-03,24321289.18
2019-06-04,24377660.75
2019-06-05,24541034.06
2019-06-06,24672877.71
2019-06-07,24761521.81
2019-06-08,24872368.06
2019-06-09,25065090.47
2019-06-10,25138290.63
2019-06-11,25263201.11
2019-06-12,25373077.14
2019-06-13,25560005.09
2019-06-14,25646517.29
2019-06-15,25846641.84
2019-06-16,25870408.22
2019-06-17,26039861.89
2019-06-18,26085338.93
2019-06-19,26205618.15
2019-06-20,26287321.07
2019-06-21,26350962.09
2019-06-22,26435441.61
2019-06-23,26512623.0
2019-06-24,26635629.2
2019-06-25,26792823.81
2019-06-26,26901050.3
2019-06-27,27048095.56
2019-06-28,27199239.13
2019-06-29,27295060.35
2019-06-30,27409196.71
2019-07-01,27496551.68
2019-07-02,27759792.02
2019-07-03,27839854.18
2019-07-04,27939909.58
2019-07-05,28018613.02
2019-07-06,28020878.82
2019-07-07,28116433.36
2019-07-08,28183067.04
2019-07-09,28358432.93
2019-07-10,28370578.1
2019-07-11,28503455.52
2019-07-12,28635630.06
2019-07-13,28758488.2
2019-07-14,28806178.11
2019-07-15,28936859.7
2019-07-16,29093369.19
2019-07-17,29210025.29
2019-07-18,29301517.67
2019-07-19,29421188.15
2019-07-20,29497618.57
2019-07-21,29729454.49
2019-07-22,29896275.92
2019-07-23,29974396.94
2019-07-24,30081002.9
2019-07-25,30125586.55
2019-07-26,30031274.05
2019-07-27,29978819.96
2019-07-28,30080262.24
2019-07-29,30202416.04
2019-07-30,30286546.77
2019-07-31,30383354.15
2019-08-01,30485176.49
2019-08-02,30504027.78
2019-08-03,30598226.17
2019-08-04,30736616.88
2019-08-05,30778724.37
2019-08-06,30797375.48
2019-08-07,30837222.52
2019-08-08,30920255.04
2019-08-09,31015806.56
2019-08-10,31060755.19
2019-08-11,31100210.61
2019-08-12,31199196.69
2019-08-13,31344799.06
2019-08-14,31423956.31
2019-08-15,31517609.02
2019-08-16,31526982.02
2019-08-17,31519372.28
2019-08-18,31585565.41
2019-08-19,31664786.61
2019-08-20,31665666.55
2019-08-21,31700915.01
2019-08-22,31738750.12
2019-08-23,31797780.22
2019-08-24,31807801.77
2019-08-25,31837905.02
2019-08-26,31917596.46
2019-08-27,31952092.67
2019-08-28,31958188.58
2019-08-29,31975497.89
2019-08-30,32096561.96
2019-08-31,32164869.68
2019-09-01,32258647.64
2019-09-02,32300912.01
2019-09-03,32332146.82
2019-09-04,32329090.11
2019-09-05,32356804.99
2019-09-06,32348944.55
2019-09-07,32408656.76
2019-09-08,32497521.38
2019-09-09,32569552.26
2019-09-10,32737579.67
2019-09-11,32684990.74
2019-09-12,32702708.9
2019-09-13,32612755.89
2019-09-14,32570825.54
2019-09-15,32505688.84
2019-09-16,32550305.39
2019-09-17,32610537.45
2019-09-18,32522457.89
2019-09-19,32573772.57
2019-09-20,32644699.01
2019-09-21,32626992.1
2019-09-22,32666348.6
2019-09-23,32722965.3
2019-09-24,32692227.11
2019-09-25,32555346.87
2019-09-26,32491952.34
2019-09-27,32541524.38
2019-09-28,32578486.97
2019-09-29,32592985.44
2019-09-30,32662275.11
2019-10-01,32689879.21
2019-10-02,32700973.4
2019-10-03,32773852.36
2019-10-04,32707340.25
2019-10-05,32685878.11
2019-10-06,32712735.73
2019-10-07,32736477.05
2019-10-08,32651023.5
2019-10-09,32617481.53
2019-10-10,32627471.07
2019-10-11,32654633.98
2019-10-12,32646108.46
2019-10-13,32615071.12
2019-10-14,32603957.64
2019-10-15,32580159.62
2019-10-16,32519297.54
2019-10-17,32514121.85
2019-10-18,32506300.25
2019-10-19,32554543.8
2019-10-20,32513211.35
2019-10-21,32460114.86
2019-10-22,32451483.14
2019-10-23,32425930.94
2019-10-24,32374845.41
2019-10-25,32287593.38
2019-10-26,32268638.6
2019-10-27,32184365.6
2019-10-28,32143115.57
2019-10-29,32085701.18
2019-10-30,32003734.51
2019-10-31,31930417.18
2019-11-01,31865710.06
2019-11-02,31750925.78
2019-11-03,31639933.76
2019-11-04,31572953.71
2019-11-05,31521182.46
2019-11-06,31442521.62
2019-11-07,31406063.62
2019-11-08,31263402.46
2019-11-09,31178515.74
2019-11-10,31006875.13
2019-11-11,30823975.38
2019-11-12,30617652.98
2019-11-13,30498999.71
2019-11-14,30400449.21
2019-11-15,30326711.95
2019-11-16,30210155.02
2019-11-17,29961517.98
2019-11-18,29786902.01
2019-11-19,29691920.35
2019-11-20,29557919.43
2019-11-21,29433128.04
2019-11-22,29364311.6
2019-11-23,29313645.24
2019-11-24,29168115.86
2019-11-25,29080798.94
2019-11-26,28893013.78
2019-11-27,28769779.73
2019-11-28,28590961.88
2019-11-29,28401582.85
2019-11-30,28294596.3
2019-12-01,28185433.44
2019-12-02,28010353.82
2019-12-03,27812553.82
2019-12-04,27670296.16
2019-12-05,27581798.56
2019-12-06,27423851.09
2019-12-07,27260400.31
2019-12-08,27072789.04
2019-12-09,26942747.21
2019-12-10,26736725.36
2019-12-11,26425246.31
2019-12-12,26183502.5
2019-12-13,26006531.55
2019-12-14,25761065.64
2019-12-15,25472717.05
2019-12-16,25198962.17
2019-12-17,24846231.42
2019-12-18,24670384.35
2019-12-19,24347489.14
2019-12-20,24179590.93
2019-12-21,23941085.28
2019-12-22,23804633.91
2019-12-23,23597111.61
2019-12-24,23388632.68
2019-12-25,23202797.56
2019-12-26,22951185.91
2019-12-27,22660902.98
2019-12-28,22443699.88
2019-12-29,22153666.02
2019-12-30,21912641.12
2019-12-31,21655038.8
2020-01-01,21418613.1
2020-01-02,21350836.51
2020-01-03,21231866.71
2020-01-04,21111719.52
2020-01-05,21006573.24
2020-01-06,20850078.25
2020-01-07,20689907.2
2020-01-08,20544475.48
2020-01-09,20469956.57
2020-01-10,20376246.14
2020-01-11,20284721.01
2020-01-12,20207063.66
2020-01-13,20106843.59
2020-01-14,19900262.51
2020-01-15,19779130.3
2020-01-16,19647559.09
2020-01-17,19506459.94
2020-01-18,19435985.88
2020-01-19,19273525.87
2020-01-20,19144465.21
2020-01-21,19041927.73
2020-01-22,18970838.29
2020-01-23,18901825.19
2020-01-24,18773277.07
2020-01-25,18646148.88
2020-01-26,18520882.54
2020-01-27,18458021.2
2020-01-28,18392221.75
2020-01-29,18345159.72
2020-01-30,18289253.49
2020-01-31,18242834.57
2020-02-01,18173753.53
2020-02-02,18118641.4
2020-02-03,18139441.85
2020-02-04,17989965.64
2020-02-05,17903822.36
2020-02-06,17880720.8
2020-02-07,17841996.85
2020-02-08,17749391.07
2020-02-09,17756222.05
2020-02-10,17667240.96
2020-02-11,17655020.34
2020-02-12,17630587.53
2020-02-13,17547918.95
2020-02-14,17521344.52
2020-02-15,17464241.27
2020-02-16,17458788.73
2020-02-17,17451341.81
2020-02-18,17533505.68
2020-02-19,17446240.43
2020-02-20,17397417.15
2020-02-21,17354198.62
2020-02-22,17357232.77
2020-02-23,17326160.04
2020-02-24,17279460.8
2020-02-25,17251431.94
2020-02-26,17256751.8
2020-02-27,17266599.45
2020-02-28,17290909.77
2020-02-29,17317385.56
2020-03-01,17312008.5
2020-03-02,17315997.91
2020-03-03,17301711.66
2020-03-04,17341299.48
2020-03-05,17265959.91
2020-03-06,17270753.43
2020-03-07,17283036.44
2020-03-08,17252769.68
2020-03-09,17304751.0
2020-03-10,17335428.77
2020-03-11,17376616.33
2020-03-12,17526499.25
2020-03-13,17662045.79
2020-03-14,17765134.05
2020-03-15,17846354.84
2020-03-16,17904700.91
2020-03-17,17959995.46
2020-03-18,18058790.74
2020-03-19,18136050.59
2020-03-20,18215050.34
2020-03-21,18316564.75
2020-03-22,18384622.2
2020-03-23,18382888.81
2020-03-24,18394087.19
2020-03-25,18517680.98
2020-03-26,18607214.92
2020-03-27,18727492.93
2020-03-28,18831108.88
2020-03-29,18847536.98
2020-03-30,18900063.1
2020-03-31,18970389.29
2020-04-01,19044837.39
2020-04-02,19157305.1
2020-04-03,19256985.67
2020-04-04,19295551.97
2020-04-05,19426034.32
2020-04-06,19486366.34
2020-04-07,19576870.39
2020-04-08,19603866.57
2020-04-09,19697027.59
2020-04-10,19783203.3
2020-04-11,19869528.32
2020-04-12,19951313.27
2020-04-13,19982820.72
2020-04-14,20068223.67
2020-04-15,20170336.53
2020-04-16,20279031.57
2020-04-17,20354326.94
2020-04-18,20431211.27
2020-04-19,20549751.84
2020-04-20,20709588.46
2020-04-21,20667034.95
2020-04-22,20748487.78
2020-04-23,20789318.92
2020-04-24,20907128.73
2020-04-25,21001284.65
2020-04-26,21085994.0
2020-04-27,21203763.42
2020-04-28,21340607.59
2020-04-29,21464945.39
2020-04-30,21600550.57
2020-05-01,21729586.24
2020-05-02,21857794.35
2020-05-03,22021938.43
2020-05-04,22204414.77
2020-05-05,22277968.01
2020-05-06,22341955.95
2020-05-07,22454997.14
2020-05-08,22571828.24
2020-05-09,22623595.37
2020-05-10,22671283.73
2020-05-11,22790234.21
2020-05-12,22851352.92
2020-05-13,22972102.01
2020-05-14,23051879.02
2020-05-15,23220127.97
2020-05-16,23376865.4
2020-05-17,23498234.82
2020-05-18,23545535.6
2020-05-19,23639928.74
2020-05-20,23756433.36
2020-05-21,23767009.66
2020-05-22,23862050.34
2020-05-23,23984636.11
2020-05-24,24165124.89
2020-05-25,24322873.66
2020-05-26,24421221.05
2020-05-27,24569709.75
2020-05-28,24761017.47
2020-05-29,24904452.35
2020-05-30,25009839.72
2020-05-31,25104205.89
2020-06-01,25201890.4
2020-06-02,25304831.36
2020-06-03,25516833.8
2020-06-04,25614666.4
2020-06-05,25737765.96
2020-06-06,25828440.43
2020-06-07,26043650.28
2020-06-08,26164641.52
2020-06-09,26273506.87
2020-06-10,26356822.28
2020-06-11,26423661.61
2020-06-12,26484575.17
2020-06-13,26601916.48
2020-06-14,26690731.36
2020-06-15,26775240.15
2020-06-16,26953991.09
2020-06-17,27126970.7
2020-06-18,27197621.38
2020-06-19,27278194.29
2020-06-20,27378461.89
2020-06-21,27521791.98
2020-06-22,27680365.85
2020-06-23,27669569.99
2020-06-24,27726834.73
2020-06-25,27797528.07
2020-06-26,27901115.65
2020-06-27,28007714.42
2020-06-28,28149453.58
2020-06-29,28294969.95
2020-06-30,28375208.88
2020-07-01,28439372.61
2020-07-02,28486913.44
2020-07-03,28574266.4
2020-07-04,28714750.14
2020-07-05,28817146.73
2020-07-06,28839664.27
2020-07-07,28883223.35
2020-07-08,28944014.23
2020-07-09,29058889.46
2020-07-10,29266052.06
2020-07-11,29376918.8
2020-07-12,29480626.07
2020-07-13,29510686.41
2020-07-14,29542617.42
2020-07-15,29625722.03
2020-07-16,29725818.9
2020-07-17,29906836.19
2020-07-18,29810692.73
2020-07-19,29858135.81
2020-07-20,29902184.5
2020-07-21,30013708.82
2020-07-22,29976587.74
2020-07-23,29939073.86
2020-07-24,29991318.98
2020-07-25,30101375.96
2020-07-26,30266037.72
2020-07-27,30359468.24
2020-07-28,30324665.99
2020-07-29,30441428.19
2020-07-30,30492795.9
2020-07-31,30600889.1
2020-08-01,30694823.52
2020-08-02,30738003.82
2020-08-03,30786792.76
2020-08-04,30858411.44
2020-08-05,30875839.69
2020-08-06,30995255.01
2020-08-07,31103488.64
2020-08-08,31067145.34
2020-08-09,31145630.48
2020-08-10,31186122.13
2020-08-11,31093419.26
2020-08-12,31183451.25
2020-08-13,31253041.69
2020-08-14,31419629.11
2020-08-15,31599947.38
2020-08-16,31669287.94
2020-08-17,31704119.55
2020-08-18,31857784.02
2020-08-19,31944652.49
2020-08-20,32013114.99
2020-08-21,32065415.33
2020-08-22,32051496.3
2020-08-23,32043304.86
2020-08-24,32175047.62
2020-08-25,32204171.45
2020-08-26,32241648.43
2020-08-27,32292579.19
2020-08-28,32357187.18
2020-08-29,32378593.85
2020-08-30,32472588.09
2020-08-31,32538630.2
2020-09-01,32585719.9
2020-09-02,32636687.16
2020-09-03,32742983.52
2020-09-04,32857110.77
2020-09-05,32898166.09
2020-09-06,32930656.98
2020-09-07,32822645.06
2020-09-08,32735763.57
2020-09-09,32747512.93
2020-09-10,32774780.08
2020-09-11,32775657.26
2020-09-12,32822692.46
2020-09-13,32948712.04
2020-09-14,33011270.04
2020-09-15,32983596.46
2020-09-16,33016967.74
2020-09-17,33112548.73
2020-09-18,33182918.34
2020-09-19,33202362.66
2020-09-20,33268440.46
2020-09-21,33296386.38
2020-09-22,33261921.54
2020-09-23,33205265.4
2020-09-24,33177211.44
2020-09-25,33216262.41
2020-09-26,33151540.28
2020-09-27,33133397.24
2020-09-28,33084426.59
2020-09-29,33150576.85
2020-09-30,33202624.43
2020-10-01,33246457.75
2020-10-02,33282585.02
2020-10-03,33248403.02
2020-10-04,33288089.86
2020-10-05,33187967.95
2020-10-06,33155327.2
2020-10-07,33100924.67
2020-10-08,33107105.49
2020-10-09,33092104.93
2020-10-10,33113523.68
2020-10-11,33061028.76
2020-10-12,33041482.23
2020-10-13,33035789.84
2020-10-14,33016595.7
2020-10-15,32986557.41
2020-10-16,32931287.34
2020-10-17,32860664.8
2020-10-18,32818375.93
2020-10-19,32793641.19
2020-10-20,32730139.19
2020-10-21,32713042.62
2020-10-22,32709518.3
2020-10-23,32658371.97
2020-10-24,32639680.54
2020-10-25,32645672.3
2020-10-26,32579579.6
2020-10-27,32600496.13
2020-10-28,32536072.65
2020-10-29,32559475.69
2020-10-30,32591012.32
2020-10-31,32528544.89
2020-11-01,32456630.99
2020-11-02,32407969.79
2020-11-03,32345322.11
2020-11-04,32350663.34
2020-11-05,32309974.13
2020-11-06,32264082.1
2020-11-07,32195066.97
2020-11-08,32057751.54
2020-11-09,31927617.46
2020-11-10,31803160.3
2020-11-11,31656291.03
2020-11-12,31639605.34
2020-11-13,31597722.11
2020-11-14,31486194.23
2020-11-15,31340575.63
2020-11-16,31248770.56
2020-11-17,31111610.04
2020-11-18,31039697.59
2020-11-19,30931872.03
2020-11-20,30873334.32
2020-11-21,30813865.85
2020-11-22,30697614.94
2020-11-23,30578483.9
2020-11-24,30496707.63
2020-11-25,30418797.2
2020-11-26,30286636.25
2020-11-27,30219612.19
2020-11-28,30024349.14
2020-11-29,29857447.19
2020-11-30,29745973.02
2020-12-01,29525814.49
2020-12-02,29414998.87
2020-12-03,29196252.13
2020-12-04,29001454.77
2020-12-05,28699923.76
2020-12-06,28711105.99
2020-12-07,28521883.88
2020-12-08,28366433.6
2020-12-09,28251871.14
2020-12-10,28013319.45
2020-12-11,27882083.35
2020-12-12,27660446.14
2020-12-13,27515109.57
2020-12-14,27209347.2
2020-12-15,27033767.3
2020-12-16,26868884.2
2020-12-17,26562100.41
2020-12-18,26455344.89
2020-12-19,26235524.02
2020-12-20,26045404.9
2020-12-21,25807943.29
2020-12-22,25640245.65
2020-12-23,25258920.13
2020-12-24,25000160.81
2020-12-25,24715691.48
2020-12-26,24420080.48
2020-12-27,24229439.4
2020-12-28,23909413.82
2020-12-29,23713513.61
2020-12-30,23268825.75
2020-12-31,23065312.64
2021-01-01,22714826.56
2021-01-02,22380221.82
2021-01-03,22052672.56
2021-01-04,21806199.16
2021-01-05,21731753.45
2021-01-06,21563801.72
2021-01-07,21338598.69
2021-01-08,21201153.61
2021-01-09,21055178.29
2021-01-10,20961288.74
2021-01-11,20816872.3
2021-01-12,20639293.53
2021-01-13,20505917.68
2021-01-14,20497243.28
2021-01-15,20266575.15
2021-01-16,20146033.04
2021-01-17,20025332.16
2021-01-18,19879989.26
2021-01-19,19744314.42
2021-01-20,19596135.1
2021-01-21,19519904.4
2021-01-22,19323884.96
2021-01-23,19256474.66
2021-01-24,19136509.3
2021-01-25,19070736.79
2021-01-26,18874294.34
2021-01-27,18758039.87
2021-01-28,18620921.77
2021-01-29,18492902.97
2021-01-30,18393059.9
2021-01-31,18300808.66
2021-02-01,18273323.1
2021-02-02,18255275.78
2021-02-03,18088322.1
2021-02-04,18072772.88
2021-02-05,18074657.4
2021-02-06,18012881.32
2021-02-07,18005217.37
2021-02-08,18040730.93
2021-02-09,17968609.17
2021-02-10,17846433.42
2021-02-11,17787381.86
2021-02-12,17755717.02
2021-02-13,17737279.93
2021-02-14,17737531.06
2021-02-15,17742819.42
2021-02-16,17622295.45
2021-02-17,17587756.59
2021-02-18,17533698.1
2021-02-19,17547832.96
2021-02-20,17510151.6
2021-02-21,17437866.84
2021-02-22,17438890.55
2021-02-23,17488789.37
2021-02-24,17428078.04
2021-02-25,17389116.86
2021-02-26,17418606.87
2021-02-27,17349311.48
2021-02-28,17385332.16
2021-03-01,17467831.16
2021-03-02,17363615.99
2021-03-03,17398647.66
2021-03-04,17505616.19
2021-03-05,17558977.4
2021-03-06,17632398.11
2021-03-07,17746585.19
2021-03-08,17902917.72
2021-03-09,17999515.07
2021-03-10,18158631.07
2021-03-11,18226971.24
2021-03-12,18259473.96
2021-03-13,18323802.3
2021-03-14,18418147.61
2021-03-15,18432675.64
2021-03-16,18467464.23
2021-03-17,18519710.23
2021-03-18,18613291.68
2021-03-19,18614840.35
2021-03-20,18702778.89
2021-03-21,18786446.42
2021-03-22,18784555.86
2021-03-23,18834189.7
2021-03-24,18877077.12
2021-03-25,18948102.23
2021-03-26,19016111.97
2021-03-27,19095070.06
2021-03-28,19195752.53
2021-03-29,19281194.43
2021-03-30,19366332.3
2021-03-31,19490688.17
2021-04-01,19530598.84
2021-04-02,19596246.06
2021-04-03,19633630.99
2021-04-04,19710401.98
2021-04-05,19782487.21
2021-04-06,19842486.8
2021-04-07,19947318.6
2021-04-08,20019699.46
2021-04-09,20132689.44
2021-04-10,20244947.55
2021-04-11,20284682.95
2021-04-12,20351984.29
2021-04-13,20371471.39
2021-04-14,20466320.97
2021-04-15,20568614.43
2021-04-16,20630582.66
2021-04-17,20754960.41
2021-04-18,20844769.93
2021-04-19,21011304.16
2021-04-20,21150947.99
2021-04-21,21275316.05
2021-04-22,21388932.66
2021-04-23,21440351.87
2021-04-24,21590475.97
2021-04-25,21645690.89
2021-04-26,21757905.13
2021-04-27,21847841.63
2021-04-28,21925541.24
2021-04-29,21996692.83
2021-04-30,22079670.12
2021-05-01,22142145.99
2021-05-02,22249554.34
2021-05-03,22381506.22
2021-05-04,22560851.58
2021-05-05,22720791.85
2021-05-06,22845035.54
2021-05-07,22877294.86
2021-05-08,23052612.08
2021-05-09,23140506.75
2021-05-10,23292827.03
2021-05-11,23406525.79
2021-05-12,23519694.26
2021-05-13,23635081.41
2021-05-14,23772486.43
2021-05-15,23894797.59
2021-05-16,24009658.61
2021-05-17,24118339.7
2021-05-18,24165486.21
2021-05-19,24238137.02
2021-05-20,24335849.68
2021-05-21,24428245.29
2021-05-22,24539494.43
2021-05-23,24632559.51
2021-05-24,24693004.6
2021-05-25,24803493.6
2021-05-26,24881102.65
2021-05-27,24973441.43
2021-05-28,25127289.52
2021-05-29,25241249.39
2021-05-30,25344834.55
2021-05-31,25395716.76
2021-06-01,25604311.52
2021-06-02,25788579.28
2021-06-03,25901140.62
2021-06-04,25929716.16
2021-06-05,25975522.53
2021-06-06,26028203.27
2021-06-07,26172960.6
2021-06-08,26237212.26
2021-06-09,26340804.83
2021-06-10,26427574.77
2021-06-11,26516155.94
2021-06-12,26604283.04
2021-06-13,26769224.66
2021-06-14,26867779.16
2021-06-15,26975123.6
2021-06-16,27172388.01
2021-06-17,27286169.58
2021-06-18,27372146.09
2021-06-19,27502366.31
2021-06-20,27669423.49
2021-06-21,27750405.61
2021-06-22,27833681.26
2021-06-23,27971480.89
2021-06-24,28110293.55
2021-06-25,28130628.12
2021-06-26,28213852.02
2021-06-27,28342826.9
2021-06-28,28432771.79
2021-06-29,28498543.21
2021-06-30,28559996.69
2021-07-01,28689150.24
2021-07-02,28995251.93
2021-07-03,29061977.71
2021-07-04,29164637.73
2021-07-05,29185914.16
2021-07-06,29182987.02
2021-07-07,29294670.19
2021-07-08,29419166.01
2021-07-09,29555042.17
2021-07-10,29653776.68
2021-07-11,29792616.27
2021-07-12,29850766.95
2021-07-13,29976380.32
2021-07-14,30095937.43
2021-07-15,30153982.98
2021-07-16,30139497.62
2021-07-17,30176858.02
2021-07-18,30208122.37
2021-07-19,30319647.93
2021-07-20,30417710.39
2021-07-21,30550650.69
2021-07-22,30733107.96
2021-07-23,30867509.91
2021-07-24,30953174.66
2021-07-25,31056057.01
2021-07-26,31173893.75
2021-07-27,31072639.44
2021-07-28,31183741.64
2021-07-29,31373960.4
2021-07-30,31505139.36
2021-07-31,31586217.23
2021-08-01,31610002.13
2021-08-02,31646859.94
2021-08-03,31634749.88
2021-08-04,31701701.78
2021-08-05,31846292.8
2021-08-06,31862678.94
2021-08-07,31836900.61
2021-08-08,31831736.28
2021-08-09,31813638.14
2021-08-10,31845523.64
2021-08-11,31937091.78
2021-08-12,31955067.25
2021-08-13,32096318.11
2021-08-14,32168756.67
2021-08-15,32108263.04
2021-08-16,32073015.29
2021-08-17,32106686.48
2021-08-18,32231353.16
2021-08-19,32333291.87
2021-08-20,32377860.01
2021-08-21,32407408.17
2021-08-22,32373640.2
2021-08-23,32376049.88
2021-08-24,32492521.16
2021-08-25,32608909.3
2021-08-26,32714178.18
2021-08-27,32755017.31
2021-08-28,32704051.13
2021-08-29,32714978.03
2021-08-30,32775062.74
2021-08-31,32853134.29
2021-09-01,32903152.16
2021-09-02,32932901.73
2021-09-03,32984755.48
2021-09-04,33049843.01
2021-09-05,33140555.46
2021-09-06,33148886.62
2021-09-07,33090312.4
2021-09-08,33065207.69
2021-09-09,32966867.39
2021-09-10,32823084.72
2021-09-11,32870599.34
2021-09-12,32902008.8
2021-09-13,32907046.44
2021-09-14,32965433.47
2021-09-15,33030126.92
2021-09-16,33016272.33
2021-09-17,32970461.31
2021-09-18,32987398.8
2021-09-19,32962553.31
2021-09-20,33001416.56
2021-09-21,32948038.76
2021-09-22,32805959.0
2021-09-23,32770321.36
2021-09-24,32750346.87
2021-09-25,32797005.24
2021-09-26,32709050.65
2021-09-27,32749323.13
2021-09-28,32768284.17
2021-09-29,32805212.71
2021-09-30,32772084.93
2021-10-01,32751390.09
2021-10-02,32677939.28
2021-10-03,32584667.93
2021-10-04,32482344.9
2021-10-05,32483347.64
2021-10-06,32460600.79
2021-10-07,32393430.87
2021-10-08,32423610.69
2021-10-09,32462135.85
2021-10-10,32428008.41
2021-10-11,32412678.31
2021-10-12,32363137.75
2021-10-13,32236042.69
2021-10-14,32250733.41
2021-10-15,32254794.94
2021-10-16,32248171.44
2021-10-17,32186208.77
2021-10-18,32150999.42
2021-10-19,32133532.39
2021-10-20,32137245.18
2021-10-21,32157748.89
2021-10-22,32159824.25
2021-10-23,32156277.75
2021-10-24,32108893.8
2021-10-25,32036438.77
2021-10-26,31927081.42
2021-10-27,31866805.48
2021-10-28,31845496.03
2021-10-29,31824861.91
2021-10-30,31770896.69
2021-10-31,31704701.22
2021-11-01,31656072.8
2021-11-02,31531293.58
2021-11-03,31444998.39
2021-11-04,31366918.08
2021-11-05,31259829.64
2021-11-06,31164623.55
2021-11-07,31081577.03
2021-11-08,30968217.21
2021-11-09,30867999.3
2021-11-10,30774251.62
2021-11-11,30767646.23
2021-11-12,30638741.74
2021-11-13,30567890.12
2021-11-14,30459777.6
2021-11-15,30342459.14
2021-11-16,30289761.28
2021-11-17,30232016.27
2021-11-18,30180370.3
2021-11-19,30038732.49
2021-11-20,29952497.14
2021-11-21,29762883.63
2021-11-22,29678078.46
2021-11-23,29546444.47
2021-11-24,29337522.96
2021-11-25,29215680.91
2021-11-26,29045950.26
2021-11-27,28954975.35
2021-11-28,28690004.86
2021-11-29,28531188.76
2021-11-30,28352768.02
2021-12-01,28221361.41
2021-12-02,28061971.55
2021-12-03,27905259.85
2021-12-04,27750741.53
2021-12-05,27624982.35
2021-12-06,27480158.63
2021-12-07,27281848.24
2021-12-08,27153169.99
2021-12-09,27007026.69
2021-12-10,26659015.87
2021-12-11,26480391.29
2021-12-12,26243393.93
2021-12-13,26043433.79
2021-12-14,25835725.61
2021-12-15,25677342.55
2021-12-16,25573546.24
2021-12-17,25365928.58
2021-12-18,25278182.06
2021-12-19,24995694.99
2021-12-20,24692041.51
2021-12-21,24476583.21
2021-12-22,24196737.34
2021-12-23,23964964.26
2021-12-24,23763716.5
2021-12-25,23463479.11
2021-12-26,23038345.91
2021-12-27,22908211.89
2021-12-28,22477912.63
2021-12-29,22182472.97
2021-12-30,21914723.12
2021-12-31,21600985.45
2022-01-01,21401878.7
2022-01-02,21309867.15
2022-01-03,21197236.85
2022-01-04,21079044.69
2022-01-05,20951073.25
2022-01-06,20755093.78
2022-01-07,20472205.83
2022-01-08,19239587.95
2022-01-09,19033112.55
2022-01-10,19015659.61
2022-01-11,18924748.17
2022-01-12,18843628.92
2022-01-13,18797283.42
2022-01-14,18696484.93
2022-01-15,18595507.51
2022-01-16,18453933.26
2022-01-17,18370093.68
2022-01-18,18271680.14
2022-01-19,18141049.02
2022-01-20,18088133.07
2022-01-21,17987701.66
2022-01-22,17920977.53
2022-01-23,17813060.47
2022-01-24,17717998.57
2022-01-25,17640477.27
2022-01-26,17574537.93
2022-01-27,17547773.25
2022-01-28,17487961.53
2022-01-29,17539102.44
2022-01-30,17445688.22
2022-01-31,17410588.01
2022-02-01,17385085.37
2022-02-02,17334886.26
2022-02-03,17238985.96
2022-02-04,17929102.35
2022-02-05,17581447.9
2022-02-06,17066258.92
2022-02-07,17024509.1
2022-02-08,16957133.94
2022-02-09,16914092.38
2022-02-10,16846759.26
2022-02-11,16793813.56
2022-02-12,16788953.84
2022-02-13,16732115.38
2022-02-14,16720605.18
2022-02-15,16675114.23
2022-02-16,16652919.42
2022-02-17,16629499.07
2022-02-18,16569085.77
2022-02-19,16583789.61
2022-02-20,16561636.1
2022-02-21,16557378.61
2022-02-22,16552973.41
2022-02-23,16590423.66
2022-02-24,16578584.72
2022-02-25,16570999.48
2022-02-26,16575134.07
2022-02-27,16581393.38
2022-02-28,16607198.06
2022-03-01,16648452.22
2022-03-02,26780891.5
2022-03-03,17917276.88
2022-03-04,16820544.33
2022-03-05,16813265.44
2022-03-06,16811947.38
2022-03-07,16855806.73
2022-03-08,16866047.53
2022-03-09,17422944.3
2022-03-10,16959945.35
2022-03-11,16985204.88
2022-03-12,17030398.07
2022-03-13,17038447.47
2022-03-14,17129977.29
2022-03-15,17196166.75
2022-03-16,17752466.1
2022-03-17,18056244.16
2022-03-18,17377680.63
2022-03-19,17620521.3
2022-03-20,17514510.12
2022-03-21,17652664.35
2022-03-22,17653361.7
2022-03-23,17775522.62
2022-03-24,17836764.06
2022-03-25,17935992.43
2022-03-26,18026858.77
2022-03-27,18185552.42
2022-03-28,18337427.68
2022-03-29,18469904.47
2022-03-30,18549749.15
2022-03-31,18682702.34
2022-04-01,18739796.8
2022-04-02,18937720.97
2022-04-03,19011900.21
2022-04-04,19049351.79
2022-04-05,19079571.99
2022-04-06,19234384.57
2022-04-07,19271338.61
2022-04-08,19340549.34
2022-04-09,19534288.52
2022-04-10,19608565.09
2022-04-11,19770722.17
2022-04-12,19902419.3
2022-04-13,20037782.04
2022-04-14,20133144.39
2022-04-15,20242786.56
2022-04-16,20298135.54
2022-04-17,20480454.57
2022-04-18,20589867.22
2022-04-19,20695478.0
2022-04-20,20756716.67
2022-04-21,20850184.15
2022-04-22,21021692.43
2022-04-23,21152494.57
2022-04-24,21302609.57
2022-04-25,21384252.75
2022-04-26,21656136.57
2022-04-27,21630798.82
2022-04-28,21771991.03
2022-04-29,21855599.88
2022-04-30,21949892.07
2022-05-01,22013573.52
2022-05-02,22122552.21
2022-05-03,22238467.25
2022-05-04,22430592.9
2022-05-05,22562929.59
2022-05-06,22662306.86
2022-05-07,22783563.19
2022-05-08,22900489.7
2022-05-09,23079596.8
2022-05-10,23080288.77
2022-05-11,23122392.22
2022-05-12,23282866.24
2022-05-13,23412906.16
2022-05-14,23551950.62
2022-05-15,23710281.43
2022-05-16,23836755.3
2022-05-17,23926262.8
2022-05-18,24052119.23
2022-05-19,24162673.53
2022-05-20,24261210.36
2022-05-21,24317853.2
2022-05-22,24334636.42
2022-05-23,24320048.99
2022-05-24,24402285.73
2022-05-25,24545002.61
2022-05-26,24613729.3
2022-05-27,24758416.26
2022-05-28,24787977.89
2022-05-29,24816054.28
2022-05-30,24801885.91
2022-05-31,24854656.15
2022-06-01,25050506.86
2022-06-02,25194117.66
2022-06-03,25395871.16
2022-06-04,25524225.45
2022-06-05,25567326.82
2022-06-06,25677447.5
2022-06-07,25704033.16
2022-06-08,25813613.5
2022-06-09,25853691.36
2022-06-10,25996239.41
2022-06-11,26090785.94
2022-06-12,26211912.93
2022-06-13,26343768.26
2022-06-14,26479043.96
2022-06-15,26565899.0
2022-06-16,26671764.22
2022-06-17,26796232.5
2022-06-18,26840328.99
2022-06-19,26882332.39
2022-06-20,26887977.7
2022-06-21,26878892.96
2022-06-22,27013969.85
2022-06-23,27109725.08
2022-06-24,27226061.24
2022-06-25,27415914.88
2022-06-26,27551481.28
2022-06-27,27678991.5
2022-06-28,27752557.96
2022-06-29,27818539.86
2022-06-30,27956382.8
2022-07-01,28040197.2
2022-07-02,28121756.32
2022-07-03,28233608.93
2022-07-04,28279511.39
2022-07-05,28356456.82
2022-07-06,28413572.91
2022-07-07,28550529.04
2022-07-08,28634111.95
2022-07-09,28691338.14
2022-07-10,28983390.48
2022-07-11,28979812.02
2022-07-12,28981512.67
2022-07-13,29030407.29
2022-07-14,29072420.86
2022-07-15,29159334.5
2022-07-16,29328204.54
2022-07-17,29460312.26
2022-07-18,29563937.25
2022-07-19,29644235.46
2022-07-20,29742132.54
2022-07-21,29783566.15
2022-07-22,29837095.74
2022-07-23,29828225.2
2022-07-24,29768944.99
2022-07-25,29772446.58
2022-07-26,29822700.45
2022-07-27,29929425.94
2022-07-28,30048276.42
2022-07-29,30220132.37
2022-07-30,30260903.33
2022-07-31,30374510.21
2022-08-01,30480043.98
2022-08-02,30598008.5
2022-08-03,30771112.29
2022-08-04,30915577.74
2022-08-05,31011950.47
2022-08-06,30992010.72
2022-08-07,30977598.83
2022-08-08,30945305.27
2022-08-09,30977860.29
2022-08-10,30957022.78
2022-08-11,31029206.56
2022-08-12,31061653.99
2022-08-13,31145929.1
2022-08-14,31290330.71
2022-08-15,31386230.26
2022-08-16,31438985.2
2022-08-17,31468215.65
2022-08-18,31503249.7
2022-08-19,31469587.01
2022-08-20,31488021.56
2022-08-21,31560938.73
2022-08-22,31704417.07
2022-08-23,31743681.14
2022-08-24,31803717.94
2022-08-25,31941997.67
2022-08-26,31887651.38
2022-08-27,31859761.35
2022-08-28,31888103.08
2022-08-29,31837267.03
2022-08-30,31792048.82
2022-08-31,31821717.09
2022-09-01,31892705.64
2022-09-02,32011742.75
2022-09-03,32071406.13
2022-09-04,32086941.03
2022-09-05,32159657.05
2022-09-06,32279832.53
2022-09-07,32320725.83
2022-09-08,32350323.95
2022-09-09,32400898.0
2022-09-10,32483584.52
2022-09-11,32504567.78
2022-09-12,32498131.13
2022-09-13,32519354.01
2022-09-14,32435867.51
2022-09-15,32456535.53
2022-09-16,32447807.42
2022-09-17,32431513.59
2022-09-18,32465481.47
2022-09-19,32405230.13
2022-09-20,32398090.01
2022-09-21,32397895.26
2022-09-22,32455604.59
2022-09-23,32479853.08
2022-09-24,32426720.84
2022-09-25,32415431.32
2022-09-26,32291834.59
2022-09-27,32188027.95
2022-09-28,32140275.78
2022-09-29,32194746.6
2022-09-30,32243560.16
2022-10-01,32239090.38
2022-10-02,32209563.92
2022-10-03,32163232.29
2022-10-04,32257785.86
2022-10-05,32261081.92
2022-10-06,32265389.08
2022-10-07,32211792.2
2022-10-08,32080298.39
2022-10-09,31997067.18
2022-10-10,32029472.83
2022-10-11,31937205.53
2022-10-12,31743228.0
2022-10-13,31691545.78
2022-10-14,31623851.19
2022-10-15,31697333.07
2022-10-16,31580929.07
2022-10-17,31514089.67
2022-10-18,31464310.99
2022-10-19,31400096.51
2022-10-20,31298506.18
2022-10-21,31210626.27
2022-10-22,31102539.21
2022-10-23,31019945.1
2022-10-24,31071426.39
2022-10-25,30891294.7
2022-10-26,30732481.5
2022-10-27,30626552.91
2022-10-28,30522292.89
2022-10-29,30506574.56
2022-10-30,30460033.97
2022-10-31,30346467.3
2022-11-01,30313229.96
2022-11-02,30271409.44
2022-11-03,30202539.9
2022-11-04,30103185.72
2022-11-05,29995819.27
2022-11-06,29976383.0
2022-11-07,29974434.62
2022-11-08,29850290.13
2022-11-09,29779413.48
2022-11-10,29734516.92
2022-11-11,29593959.74
2022-11-12,29456415.21
2022-11-13,29284224.38
2022-11-14,29156399.35
2022-11-15,29047040.44
2022-11-16,28843717.68
2022-11-17,28688452.41
2022-11-18,28540642.98
2022-11-19,28340319.74
2022-11-20,28232311.7
2022-11-21,28017721.6
2022-11-22,27834518.02
2022-11-23,27645664.44
2022-11-24,27396552.94
2022-11-25,27214513.02
2022-11-26,26934312.16
2022-11-27,26716961.47
2022-11-28,26504823.37
2022-11-29,26320674.21
2022-11-30,26131254.27
2022-12-01,25921884.81
2022-12-02,25711941.61
2022-12-03,25348302.31
2022-12-04,25118371.16
2022-12-05,24847614.07
2022-12-06,24428875.07
2022-12-07,24132874.75
2022-12-08,23934395.49
2022-12-09,23495339.04
2022-12-10,23213347.72
2022-12-11,23064109.42
2022-12-12,22762346.54
2022-12-13,22501740.8
2022-12-14,22144016.46
2022-12-15,21988377.97
2022-12-16,21781689.73
2022-12-17,21613208.52
2022-12-18,21337645.35
2022-12-19,20971491.41
2022-12-20,20745148.13
2022-12-21,20470670.38
2022-12-22,20286400.8
2022-12-23,20005220.55
2022-12-24,19692249.0
2022-12-25,19497033.08
2022-12-26,19313435.94
2022-12-27,19195613.23
2022-12-28,19027404.53
2022-12-29,18912889.47
2022-12-30,18788701.19
2022-12-31,18686019.84
2023-01-01,18593316.07
2023-01-02,18444136.58
2023-01-03,18283509.65
2023-01-04,18281932.67
2023-01-05,18174500.37
2023-01-06,18089520.0
2023-01-07,18000575.39
2023-01-08,17994705.44
2023-01-09,17892006.49
2023-01-10,17795994.61
2023-01-11,17780569.87
2023-01-12,17744644.45
2023-01-13,17673323.04
2023-01-14,17574227.2
2023-01-15,17535627.35
2023-01-16,17472942.86
2023-01-17,17420023.14
2023-01-18,17368522.24
2023-01-19,17189953.16
2023-01-20,17110028.87
2023-01-21,17048141.83
2023-01-22,17015881.47
2023-01-23,16980036.13
2023-01-24,16965059.54
2023-01-25,16924772.72
2023-01-26,16902964.59
2023-01-27,16857684.25
2023-01-28,16796586.52
2023-01-29,16810254.12
2023-01-30,16732397.55
2023-01-31,16758640.42
2023-02-01,16747596.61
2023-02-02,16652930.35
2023-02-03,16597100.56
2023-02-04,16511475.11
2023-02-05,16491071.8
2023-02-06,16459072.44
2023-02-07,16487036.1
2023-02-08,16479399.3
2023-02-09,16480981.84
2023-02-10,16493772.59
2023-02-11,16432189.35
2023-02-12,16431205.86
2023-02-13,16414763.67
2023-02-14,16442102.98
2023-02-15,16499705.78
2023-02-16,16453004.98
2023-02-17,16410686.6
2023-02-18,16420300.28
2023-02-19,16467319.85
2023-02-20,16480142.68
2023-02-21,16533664.81
2023-02-22,16520126.0
2023-02-23,16561926.17
2023-02-24,16420300.28
2023-02-25,16467319.85
2023-02-26,16480142.68
2023-02-27,16533664.81
2023-02-28,16520126.0
2023-03-01,16561926.17
2023-03-02,16532022.08
2023-03-02,16532022.08
2023-03-03,16591606.13
2023-03-04,16559130.78
2023-03-05,16679266.66
2023-03-06,16745205.83
2023-03-07,16811368.91
2023-03-08,16896059.22
2023-03-09,17000661.24
2023-03-10,17005984.66
2023-03-11,17057987.2
2023-03-12,17086605.99
2023-03-13,17168111.83
2023-03-14,17129956.98
2023-03-15,17237252.61
2023-03-16,17299445.25
2023-03-17,17363670.63
2023-03-18,17410501.05
2023-03-19,17453339.0
2023-03-20,17503063.74
2023-03-21,17655071.94
2023-03-22,17753915.1
2023-03-23,17844867.0
2023-03-24,18008285.14
2023-03-25,18099690.15
2023-03-26,18182353.51
2023-03-27,18204562.23
2023-03-28,18300424.0
2023-03-29,18381584.5
2023-03-30,18477573.76
2023-03-31,18620143.89
2023-04-01,18697358.25
2023-04-02,18777056.37
2023-04-03,18832138.68
2023-04-04,18924527.13
2023-04-05,18982572.57
2023-04-06,19117441.63
2023-04-07,19232117.68
2023-04-08,19229284.89
2023-04-09,19272634.61
2023-04-10,19361162.86
2023-04-11,19475060.71
2023-04-12,19549628.35
2023-04-13,19651019.76
2023-04-14,19708358.36
2023-04-15,19805082.57
2023-04-16,19840022.28
2023-04-17,19907349.59
2023-04-18,19961616.02
2023-04-19,20014722.37
2023-04-20,20089943.15
2023-04-21,20201427.81
2023-04-22,20338110.11
2023-04-23,20434446.34
2023-04-24,20552479.61
2023-04-25,20661473.49
2023-04-26,20775916.85
2023-04-27,20890122.53
2023-04-28,20972238.83
2023-04-29,21065844.09
2023-04-30,21104179.94
2023-05-01,21191158.44
2023-05-02,21316155.05
2023-05-03,21423798.67
2023-05-04,21524218.64
2023-05-05,21618475.78
2023-05-06,21714822.49
2023-05-07,21814738.53
2023-05-08,21954126.08
2023-05-09,22089314.36
2023-05-10,22136558.99
2023-05-11,22290139.98
2023-05-12,22393711.17
2023-05-13,22466693.64
2023-05-14,22541598.97
2023-05-15,22578997.81
2023-05-16,22644776.65
2023-05-17,22708370.38
2023-05-18,22801402.39
2023-05-19,22941536.62
2023-05-20,23067646.19
2023-05-21,23199402.38
2023-05-22,23339666.64
2023-05-23,23506864.58
2023-05-24,23543769.19
2023-05-25,23669285.22
2023-05-26,23627021.07
2023-05-27,23759520.47
2023-05-28,23879335.32
2023-05-29,23948023.85
2023-05-30,24047236.69
2023-05-31,24146830.86
2023-06-01,24252330.89
2023-06-02,24394454.57
2023-06-03,24501665.67
2023-06-04,24576756.8
2023-06-05,24591298.16
2023-06-06,24635366.25
2023-06-07,24769145.17
2023-06-08,24829792.83
2023-06-09,24881109.89
2023-06-10,25059210.73
2023-06-11,25115788.04
2023-06-12,25120591.38
2023-06-13,25146229.31
2023-06-14,25194691.18
2023-06-15,25256600.93
2023-06-16,25445985.56
2023-06-17,25639638.78
2023-06-18,25712480.76
2023-06-19,25741204.13
2023-06-20,25816785.09
2023-06-21,25856268.92
2023-06-22,25899251.75
2023-06-23,25922692.66
2023-06-24,25992417.45
2023-06-25,26098994.9
2023-06-26,26197516.69
2023-06-27,26216970.16
2023-06-28,26277531.58
2023-06-29,26390395.71
2023-06-30,26608709.55
2023-07-01,26703433.54
2023-07-02,26691720.5
2023-07-03,26709846.85
2023-07-04,26730040.3
2023-07-05,26776759.16
2023-07-06,26859167.43
2023-07-07,26964370.13
2023-07-08,27153956.68
2023-07-09,27372133.6
2023-07-10,27387196.04
2023-07-11,27465118.06
2023-07-12,27582574.98
2023-07-13,27674015.44
2023-07-14,27732452.55
2023-07-15,27981404.35
2023-07-16,28143354.9
2023-07-17,28246170.99
2023-07-18,28311702.58
2023-07-19,28357332.5
2023-07-20,28478429.06
2023-07-21,28572043.68
2023-07-22,28541723.14
2023-07-23,28558420.44
2023-07-24,28628871.8
2023-07-25,28666969.13
2023-07-26,28772431.65
2023-07-27,28873135.07
2023-07-28,28923252.54
2023-07-29,28940478.51
2023-07-30,29037940.37
2023-07-31,29074172.26
2023-08-01,29093936.58
2023-08-02,29099450.39
2023-08-03,29186429.96
2023-08-04,29263755.8
2023-08-05,29294255.2
2023-08-06,29283764.91
2023-08-07,29269889.16
2023-08-08,29322838.83
2023-08-09,29341335.3
2023-08-10,29388105.74
2023-08-11,29416589.86
2023-08-12,29387445.42
2023-08-13,29367480.9
2023-08-14,29471245.6
2023-08-15,29708490.92
2023-08-16,29950573.98
2023-08-17,30085715.12
2023-08-18,30027336.94
2023-08-19,30007377.59
2023-08-20,30068996.18
2023-08-21,30194856.48
2023-08-22,30277721.58
2023-08-23,30309364.83
2023-08-24,30491212.74
2023-08-25,30469555.41
2023-08-26,30669811.55
2023-08-27,30657181.92
2023-08-28,30656982.13
2023-08-29,30787400.07
2023-08-30,30836916.54
2023-08-31,30870019.28
2023-09-01,30970441.98
2023-09-02,31010784.17
2023-09-03,31073868.51
2023-09-04,31170937.54
2023-09-05,31284516.15
2023-09-06,31370814.84
2023-09-07,31393008.83
2023-09-08,31339989.65
2023-09-09,31283054.26
2023-09-10,31313978.1
2023-09-11,31308903.87
2023-09-12,31370639.68
2023-09-13,31350800.55
2023-09-14,31347492.16
2023-09-15,31294276.84
2023-09-16,31281836.35
2023-09-17,31307857.65
2023-09-18,31279502.58
2023-09-19,31238684.65
2023-09-20,31181958.08
2023-09-21,31177132.61
2023-09-22,31083348.84
2023-09-23,31032910.68
2023-09-24,31016052.03
2023-09-25,30949168.41
2023-09-26,30920849.51
2023-09-27,31124481.51
2023-09-28,31170407.32
2023-09-29,31169878.44
2023-09-30,31110614.76
2023-10-01,31113156.67
2023-10-02,31176179.51
2023-10-03,31136759.96
2023-10-04,31009952.0
2023-10-05,30909187.83
2023-10-06,30846677.69
2023-10-07,30846318.3
2023-10-08,30789392.83
2023-10-09,30771851.1
2023-10-10,30672324.52
2023-10-11,30615103.92
2023-10-12,30534160.59
2023-10-13,30457198.12
2023-10-14,30394671.67
2023-10-15,30393429.45
2023-10-16,30392722.92
2023-10-17,30407619.56
2023-10-18,30418311.34
2023-10-19,30364392.18
2023-10-20,30276001.95
2023-10-21,30204866.92
2023-10-22,30199823.57
2023-10-23,30258517.8
2023-10-24,30260924.36
2023-10-25,30249251.36
2023-10-26,30235058.98
2023-10-27,30235741.49
2023-10-28,30129789.9
2023-10-29,30078417.68
2023-10-30,30032516.63
2023-10-31,29948211.16
2023-11-01,29831027.12
2023-11-02,29729890.21
2023-11-03,29624208.25
2023-11-04,29585771.45
2023-11-05,29600066.76
2023-11-06,29631335.99
2023-11-07,29630495.49
2023-11-08,29662125.02
2023-11-09,29632147.15
2023-11-10,29533985.15
2023-11-11,29541204.62
2023-11-12,29482066.41
2023-11-13,29320755.73
2023-11-14,29210660.4
2023-11-15,29071225.57
2023-11-16,28924121.34
2023-11-17,28729542.59
2023-11-18,28661329.49
2023-11-19,28494758.22
2023-11-20,28340392.77
2023-11-21,28167810.32
2023-11-22,28105687.6
2023-11-23,27840112.61
2023-11-24,27629067.02
2023-11-25,27412743.8
2023-11-26,27297676.74
2023-11-27,27195233.17
2023-11-28,26951711.54
2023-11-29,26740461.57
2023-11-30,26420004.22
2023-12-01,26133491.95
2023-12-02,25809407.7
2023-12-03,25563745.17
2023-12-04,25324188.32
2023-12-05,25032328.45
2023-12-06,24822606.64
2023-12-07,24565303.7
2023-12-08,24381410.23
2023-12-09,24128348.37
2023-12-10,23981104.9
2023-12-11,23714617.36
2023-12-12,23562031.03
2023-12-13,23416618.7
2023-12-14,23264060.16
2023-12-15,23124101.08
2023-12-16,22941837.4
2023-12-17,22831045.07
2023-12-18,22791900.79
2023-12-19,22605567.8
2023-12-20,22500189.89
2023-12-21,22341972.09
2023-12-22,22279200.97
2023-12-23,22067885.1
2023-12-24,22012847.54
2023-12-25,21880455.91
2023-12-26,21758835.43
2023-12-27,21669313.67
2023-12-28,21506952.05
2023-12-29,21311817.49
2023-12-30,21108325.71
2023-12-31,20887639.56
2024-01-01,20795071.05
